gauge_id,p_mean,pet_mean,aridity,p_seasonality,frac_snow,high_prec_freq,high_prec_dur,high_prec_timing,low_prec_freq,low_prec_dur,low_prec_timing
10002,2.29,1.26,0.55,-0.03,0.03,13.96,1.16,son,207.89,3.17,jja
10003,2.31,1.25,0.54,-0.01,0.03,13.24,1.17,son,209.89,3.20,jja
1001,2.65,1.15,0.44,-0.15,0.03,10.98,1.11,son,179.87,2.93,jja
101002,2.31,1.45,0.63,-0.23,0.01,20.60,1.17,son,245.03,4.46,jja
101005,2.29,1.45,0.63,-0.23,0.01,20.47,1.19,son,244.80,4.47,jja
102001,2.98,1.42,0.48,-0.12,0.00,15.40,1.09,son,207.31,3.24,jja
106001,4.16,1.13,0.27,-0.24,0.01,7.58,1.06,son,143.31,2.78,jja
107001,3.16,1.07,0.34,-0.24,0.02,9.40,1.10,son,166.02,2.78,jja
11001,2.46,1.18,0.48,-0.01,0.06,14.27,1.22,son,204.94,3.18,mam
11003,2.69,1.13,0.42,-0.03,0.10,13.87,1.22,NaN,196.96,3.13,jja
11004,2.44,1.20,0.49,0.01,0.05,15.58,1.21,son,214.25,3.35,mam
12001,3.19,1.09,0.34,-0.16,0.12,13.67,1.19,son,182.83,3.01,jja
12002,3.11,1.11,0.36,-0.15,0.10,14.07,1.19,son,184.29,3.01,jja
12005,4.21,1.07,0.25,-0.20,0.15,15.42,1.23,son,183.45,3.02,jja
12006,2.84,1.10,0.39,-0.11,0.14,14.36,1.19,son,194.87,3.08,jja
12007,3.77,1.04,0.28,-0.22,0.17,12.36,1.17,djf,167.96,2.93,jja
12008,3.22,1.16,0.36,-0.14,0.07,17.36,1.22,son,208.43,3.19,jja
12009,3.59,1.19,0.33,-0.16,0.10,17.36,1.21,son,203.03,3.07,jja
13001,2.47,1.27,0.51,-0.05,0.04,17.42,1.16,son,223.78,3.42,jja
13004,3.51,1.14,0.32,-0.18,0.09,15.53,1.18,son,196.65,3.20,jja
13005,2.21,1.27,0.57,-0.01,0.03,17.58,1.16,son,233.74,3.80,mam
13007,3.10,1.19,0.38,-0.13,0.06,16.33,1.21,son,204.78,3.23,jja
13008,3.20,1.16,0.36,-0.15,0.06,16.02,1.18,son,200.69,3.26,jja
14001,2.28,1.26,0.55,-0.06,0.03,16.31,1.13,son,224.87,3.63,mam
14002,2.29,1.26,0.55,0.01,0.04,17.00,1.15,son,230.89,3.74,mam
14005,2.05,1.29,0.63,-0.01,0.03,17.51,1.16,son,237.60,3.85,mam
15006,4.16,1.12,0.27,-0.29,0.05,11.04,1.13,djf,162.27,3.13,jja
15007,5.71,1.10,0.19,-0.37,0.05,12.04,1.16,djf,157.40,3.15,jja
15010,3.16,1.16,0.37,-0.14,0.06,15.69,1.15,son,200.65,3.30,mam
15011,5.85,1.08,0.18,-0.39,0.07,12.51,1.16,djf,157.69,3.12,jja
15012,4.34,1.08,0.25,-0.34,0.06,11.31,1.16,djf,160.09,3.15,jja
15013,4.06,1.17,0.29,-0.24,0.05,15.00,1.12,NaN,191.23,3.35,jja
15014,3.34,1.10,0.33,-0.18,0.09,14.44,1.15,son,191.20,3.24,jja
15016,6.25,1.09,0.17,-0.38,0.04,11.71,1.17,djf,155.40,3.14,jja
15021,2.55,1.20,0.47,-0.09,0.03,16.44,1.13,son,219.09,3.67,mam
15023,3.86,1.14,0.30,-0.24,0.06,15.89,1.14,djf,195.67,3.40,jja
15024,7.45,1.09,0.15,-0.38,0.04,11.16,1.17,djf,148.76,3.10,jja
15025,3.28,1.11,0.34,-0.17,0.08,14.87,1.15,son,193.18,3.27,jja
15030,2.34,1.23,0.53,-0.03,0.03,17.47,1.14,son,227.71,3.69,mam
15039,3.77,1.05,0.28,-0.23,0.15,13.29,1.13,djf,174.42,3.06,jja
16001,4.41,1.15,0.26,-0.30,0.03,13.42,1.11,djf,180.45,3.33,jja
16003,5.60,1.15,0.20,-0.32,0.04,13.56,1.13,djf,175.27,3.27,jja
16004,4.10,1.16,0.28,-0.28,0.03,13.40,1.12,djf,183.11,3.34,jja
17001,4.50,1.23,0.27,-0.23,0.02,13.00,1.12,djf,178.60,3.25,jja
17003,3.39,1.26,0.37,-0.17,0.01,12.87,1.11,son,189.18,3.24,jja
17004,2.53,1.27,0.50,-0.08,0.02,15.60,1.14,son,214.16,3.44,mam
17005,2.87,1.25,0.44,-0.13,0.02,13.76,1.13,son,198.76,3.36,jja
17015,3.52,1.25,0.36,-0.19,0.04,14.64,1.14,NaN,195.91,3.22,jja
17018,2.85,1.24,0.44,-0.15,0.03,15.58,1.15,son,208.67,3.38,jja
18001,4.10,1.20,0.29,-0.24,0.03,13.53,1.11,djf,184.91,3.27,jja
18002,3.90,1.22,0.31,-0.19,0.04,13.29,1.11,djf,188.54,3.24,jja
18003,5.84,1.13,0.19,-0.32,0.03,11.69,1.11,djf,162.51,3.26,jja
18008,6.43,1.10,0.17,-0.35,0.04,12.02,1.12,djf,160.16,3.25,jja
18010,4.77,1.19,0.25,-0.27,0.01,11.27,1.11,son,171.89,3.33,jja
18011,5.16,1.16,0.23,-0.30,0.02,11.31,1.10,djf,166.47,3.28,jja
18014,3.93,1.23,0.31,-0.25,0.02,14.29,1.13,djf,190.16,3.37,jja
18017,7.17,1.11,0.15,-0.37,0.05,11.84,1.17,djf,154.20,3.15,jja
18018,6.31,1.09,0.17,-0.36,0.06,12.80,1.16,djf,165.16,3.22,jja
19001,2.62,1.25,0.48,-0.08,0.02,13.47,1.13,son,203.11,3.29,mam
19006,2.49,1.23,0.49,-0.05,0.03,14.40,1.14,son,210.16,3.35,jja
19010,2.15,1.25,0.58,-0.00,0.03,16.73,1.16,son,228.54,3.69,jja
19017,2.20,1.25,0.57,-0.02,0.02,16.04,1.16,son,225.18,3.60,mam
19020,3.04,1.25,0.41,-0.12,0.02,13.38,1.12,son,193.00,3.25,mam
20002,1.72,1.30,0.76,0.14,0.02,17.04,1.15,jja,246.07,3.99,mam
20003,2.03,1.26,0.62,0.05,0.03,15.38,1.17,jja,228.38,3.59,mam
20007,2.16,1.21,0.56,0.04,0.04,16.64,1.17,son,229.54,3.61,mam
2001,3.06,1.09,0.36,-0.22,0.04,9.64,1.12,son,165.65,2.92,jja
2002,3.41,1.11,0.32,-0.23,0.04,9.42,1.12,son,158.91,2.93,jja
21003,3.29,1.19,0.36,-0.17,0.03,12.36,1.11,djf,183.00,3.13,jja
21006,3.35,1.21,0.36,-0.18,0.04,12.80,1.14,djf,183.11,3.12,jja
21008,2.69,1.26,0.47,-0.11,0.03,13.58,1.12,djf,197.03,3.27,jja
21009,2.72,1.25,0.46,-0.10,0.03,11.93,1.12,NaN,189.76,3.16,jja
21011,3.84,1.22,0.32,-0.22,0.04,14.00,1.14,djf,182.14,3.13,jja
21012,3.41,1.25,0.37,-0.19,0.03,13.76,1.11,djf,187.40,3.17,jja
21013,2.61,1.23,0.47,-0.05,0.05,13.91,1.14,son,206.43,3.29,jja
21015,2.35,1.26,0.54,-0.02,0.05,14.53,1.15,son,213.94,3.39,jja
21016,2.05,1.34,0.65,0.05,0.04,16.82,1.17,jja,235.14,3.73,mam
21017,5.16,1.23,0.24,-0.23,0.05,13.42,1.13,djf,171.56,3.04,jja
21018,2.73,1.23,0.45,-0.08,0.03,12.53,1.11,son,195.98,3.21,jja
21022,2.28,1.30,0.57,0.01,0.05,15.13,1.17,son,221.51,3.47,jja
21023,1.87,1.33,0.71,0.07,0.02,16.38,1.16,jja,236.40,3.80,mam
21024,2.53,1.24,0.49,-0.09,0.03,14.78,1.12,djf,206.60,3.35,jja
21026,4.53,1.26,0.28,-0.24,0.04,13.76,1.13,djf,177.36,3.12,jja
21027,2.15,1.31,0.61,0.02,0.04,15.00,1.17,son,223.80,3.52,jja
22001,2.39,1.32,0.55,-0.08,0.04,14.84,1.16,son,214.29,3.46,jja
22006,1.94,1.36,0.70,0.05,0.03,16.24,1.18,jja,231.67,3.68,mam
22007,2.19,1.34,0.61,-0.03,0.03,15.38,1.16,NaN,220.96,3.50,jja
22009,2.56,1.30,0.51,-0.11,0.05,14.93,1.15,djf,208.83,3.37,jja
23001,2.86,1.28,0.45,-0.13,0.03,12.27,1.14,djf,187.98,3.20,jja
23004,3.18,1.26,0.40,-0.14,0.04,12.44,1.13,son,183.67,3.14,jja
23006,3.71,1.23,0.33,-0.16,0.05,12.44,1.15,djf,177.82,3.12,jja
23007,2.35,1.29,0.55,-0.08,0.04,15.67,1.20,jja,216.60,3.55,jja
23008,2.67,1.29,0.48,-0.13,0.04,13.91,1.13,djf,201.85,3.30,jja
23011,3.51,1.26,0.36,-0.19,0.05,14.11,1.12,djf,187.36,3.07,jja
23016,1.85,1.37,0.74,0.09,0.02,17.16,1.19,jja,241.91,3.89,mam
24001,2.60,1.30,0.50,-0.14,0.04,14.67,1.16,djf,205.23,3.38,jja
24003,3.54,1.25,0.35,-0.25,0.07,13.89,1.14,djf,187.40,3.22,jja
24004,2.53,1.32,0.52,-0.12,0.05,15.73,1.17,djf,216.03,3.54,jja
24005,2.05,1.33,0.65,0.01,0.03,16.93,1.18,jja,233.76,3.77,jja
25001,3.09,1.29,0.42,-0.19,0.04,13.40,1.14,djf,190.47,3.23,jja
25003,5.21,1.25,0.24,-0.19,0.10,11.78,1.13,djf,164.36,2.93,jja
25006,3.08,1.29,0.42,-0.22,0.05,14.67,1.15,djf,198.43,3.37,jja
25012,4.35,1.24,0.29,-0.28,0.08,12.84,1.14,djf,173.02,3.05,jja
25020,1.83,1.38,0.75,0.08,0.02,16.96,1.17,jja,240.78,3.92,mam
25021,1.85,1.38,0.74,0.08,0.02,17.22,1.16,jja,240.09,3.93,mam
25029,2.05,1.32,0.65,0.04,0.03,16.31,1.17,jja,229.20,3.69,mam
26003,1.94,1.40,0.72,-0.03,0.02,16.87,1.13,son,238.60,3.94,mam
26005,2.02,1.39,0.69,-0.02,0.03,16.78,1.14,son,233.78,3.83,mam
26006,1.88,1.40,0.74,-0.02,0.02,17.69,1.12,son,242.23,3.99,jja
26008,1.92,1.41,0.74,0.06,0.02,16.51,1.13,son,239.45,3.85,jja
26009,2.03,1.39,0.69,-0.01,0.03,16.67,1.13,son,235.31,3.86,jja
27001,2.69,1.36,0.51,-0.13,0.02,14.82,1.13,djf,206.16,3.52,jja
27002,3.27,1.32,0.41,-0.17,0.03,13.11,1.12,djf,190.63,3.36,jja
27003,2.69,1.36,0.51,-0.12,0.02,13.18,1.11,djf,202.23,3.49,mam
27006,2.81,1.36,0.48,-0.17,0.03,15.93,1.16,djf,210.58,3.61,jja
27007,3.14,1.32,0.42,-0.22,0.03,13.91,1.14,djf,194.47,3.37,jja
27009,2.52,1.35,0.54,-0.13,0.02,13.56,1.14,djf,203.29,3.43,jja
27021,2.20,1.38,0.63,-0.09,0.02,16.80,1.16,son,225.23,3.88,jja
27023,2.13,1.38,0.65,-0.08,0.02,17.29,1.16,djf,233.67,4.00,jja
27025,2.07,1.39,0.67,-0.06,0.02,17.80,1.16,son,234.58,4.02,jja
27026,2.21,1.38,0.63,-0.09,0.02,17.51,1.15,son,230.03,3.93,jja
27029,3.46,1.34,0.39,-0.18,0.03,13.24,1.12,djf,190.96,3.35,jja
27030,1.92,1.38,0.72,-0.04,0.02,17.58,1.18,jja,239.78,4.12,jja
27032,4.01,1.33,0.33,-0.22,0.04,13.87,1.14,djf,187.11,3.30,jja
27034,3.76,1.28,0.34,-0.28,0.04,14.00,1.17,djf,187.31,3.33,jja
27035,3.18,1.33,0.42,-0.14,0.02,13.58,1.15,djf,196.54,3.49,mam
27038,1.99,1.37,0.69,-0.01,0.02,16.02,1.14,son,235.47,3.77,mam
27041,2.15,1.37,0.64,-0.02,0.03,15.09,1.13,son,223.78,3.64,mam
27042,2.54,1.34,0.53,-0.08,0.04,16.20,1.15,son,219.60,3.54,jja
27043,3.92,1.30,0.33,-0.21,0.03,12.78,1.13,djf,183.67,3.33,mam
27047,4.99,1.20,0.24,-0.26,0.03,13.78,1.14,djf,179.11,3.24,mam
27049,2.36,1.35,0.57,-0.02,0.04,15.82,1.14,son,221.60,3.58,mam
27051,2.33,1.40,0.60,-0.05,0.02,17.27,1.13,son,224.98,3.78,jja
27062,2.64,1.36,0.52,-0.12,0.02,14.73,1.13,djf,207.11,3.55,jja
27064,1.68,1.42,0.85,0.08,0.02,18.16,1.16,jja,250.63,4.29,mam
27065,3.39,1.30,0.38,-0.20,0.02,13.87,1.16,djf,194.91,3.35,NaN
27071,2.34,1.34,0.57,-0.09,0.02,14.47,1.16,djf,210.18,3.45,jja
27073,2.04,1.38,0.68,-0.02,0.02,16.40,1.17,son,232.60,3.74,mam
27077,2.55,1.36,0.53,-0.13,0.02,16.38,1.11,djf,219.38,3.74,jja
27079,2.81,1.36,0.48,-0.14,0.02,13.29,1.13,son,201.18,3.45,mam
27080,2.70,1.35,0.50,-0.12,0.02,13.91,1.11,djf,204.03,3.53,mam
27084,3.01,1.33,0.44,-0.13,0.02,14.56,1.12,djf,202.60,3.46,mam
27087,2.09,1.37,0.66,-0.02,0.02,16.07,1.15,son,229.34,3.74,mam
27089,3.17,1.33,0.42,-0.16,0.02,13.18,1.12,djf,192.03,3.38,jja
27090,3.15,1.30,0.41,-0.22,0.04,14.24,1.15,djf,196.23,3.34,jja
28001,3.86,1.33,0.34,-0.20,0.04,13.44,1.14,son,188.87,3.28,jja
28003,2.04,1.41,0.69,-0.00,0.02,17.20,1.13,son,234.56,3.88,jja
28008,2.81,1.38,0.49,-0.12,0.03,14.64,1.12,son,206.40,3.53,jja
28009,2.11,1.40,0.67,-0.02,0.02,14.93,1.12,son,218.51,3.70,jja
28012,2.07,1.40,0.68,0.01,0.02,15.69,1.12,son,224.60,3.76,jja
28015,1.79,1.42,0.79,0.03,0.02,18.02,1.17,son,246.18,4.17,jja
28018,2.58,1.38,0.54,-0.08,0.02,14.42,1.11,son,209.69,3.54,jja
28022,2.07,1.41,0.68,-0.02,0.02,14.93,1.13,son,219.76,3.71,jja
28023,3.22,1.35,0.42,-0.16,0.03,13.27,1.13,son,196.03,3.38,jja
28024,1.76,1.42,0.81,0.07,0.02,17.67,1.14,jja,245.47,4.05,jja
28026,1.83,1.42,0.77,0.04,0.02,17.51,1.14,jja,241.69,4.03,jja
28031,3.00,1.37,0.46,-0.11,0.03,14.04,1.11,son,202.63,3.45,jja
28033,3.63,1.38,0.38,-0.13,0.04,13.13,1.11,son,190.54,3.27,jja
28039,2.18,1.42,0.65,-0.02,0.02,17.58,1.14,son,232.60,3.83,jja
28040,2.38,1.38,0.58,-0.02,0.02,14.53,1.11,son,215.96,3.59,mam
28043,3.21,1.34,0.42,-0.18,0.03,13.98,1.14,son,197.11,3.42,jja
28044,1.85,1.41,0.76,-0.00,0.02,18.24,1.16,son,245.34,4.16,jja
28046,2.99,1.36,0.45,-0.14,0.03,14.11,1.11,son,202.74,3.47,jja
28048,2.22,1.40,0.63,-0.09,0.02,18.18,1.15,NaN,232.49,3.91,jja
28050,1.68,1.42,0.84,0.09,0.02,18.22,1.17,jja,251.09,4.28,jja
28052,2.10,1.40,0.66,0.02,0.01,16.40,1.12,jja,225.63,3.71,jja
28055,2.38,1.40,0.59,-0.10,0.02,16.96,1.12,son,225.87,3.80,jja
28056,1.90,1.42,0.75,0.04,0.02,17.69,1.13,jja,240.71,3.97,jja
28060,1.89,1.44,0.76,0.03,0.02,18.07,1.16,jja,243.96,4.07,jja
28066,1.92,1.42,0.74,-0.01,0.02,17.60,1.13,son,239.74,3.99,jja
28067,2.70,1.37,0.51,-0.13,0.03,14.27,1.11,son,205.60,3.54,jja
28072,1.81,1.43,0.79,0.04,0.02,18.62,1.16,jja,247.54,4.16,jja
28074,1.80,1.42,0.79,0.06,0.02,17.73,1.14,jja,241.07,3.95,jja
28080,1.96,1.42,0.72,-0.00,0.02,17.22,1.14,son,236.11,3.93,jja
28081,2.01,1.41,0.70,0.01,0.02,17.09,1.12,son,235.20,3.87,jja
28082,1.79,1.43,0.79,0.06,0.02,17.93,1.15,jja,244.11,4.04,jja
28085,2.79,1.36,0.49,-0.14,0.03,14.22,1.12,son,203.51,3.50,jja
28091,1.77,1.42,0.80,0.06,0.02,18.16,1.17,jja,247.51,4.24,jja
28093,1.79,1.42,0.79,0.06,0.02,17.69,1.15,jja,241.67,3.95,jja
28115,1.98,1.41,0.71,-0.02,0.02,18.51,1.15,NaN,241.43,4.03,jja
28116,1.88,1.42,0.76,0.01,0.02,18.49,1.17,son,244.63,4.07,jja
28117,3.03,1.35,0.44,-0.16,0.03,13.76,1.12,son,198.69,3.45,jja
29002,1.93,1.44,0.75,0.01,0.02,17.38,1.15,son,241.78,3.99,jja
29003,1.95,1.43,0.74,0.01,0.02,16.91,1.14,son,240.58,3.95,jja
29005,1.77,1.41,0.79,0.05,0.02,17.00,1.13,jja,244.25,4.02,jja
29009,1.69,1.43,0.85,0.08,0.02,17.64,1.13,jja,247.34,4.15,jja
30001,1.72,1.43,0.83,0.08,0.02,16.93,1.15,jja,248.11,4.25,jja
30004,1.92,1.44,0.75,0.01,0.02,17.16,1.13,son,241.85,3.98,jja
30005,1.81,1.44,0.80,0.06,0.02,17.69,1.14,jja,246.85,4.23,jja
30011,1.94,1.43,0.74,0.01,0.03,17.60,1.14,son,240.07,3.92,jja
30012,1.77,1.42,0.80,0.04,0.02,17.33,1.12,jja,243.34,4.01,jja
30014,1.65,1.47,0.89,0.08,0.02,17.76,1.14,jja,253.76,4.39,jja
30015,1.84,1.44,0.78,0.07,0.02,17.62,1.14,NaN,246.29,4.23,jja
3003,5.39,1.09,0.20,-0.29,0.03,8.58,1.18,djf,131.74,2.70,jja
31002,1.71,1.45,0.85,0.07,0.02,17.62,1.13,jja,249.87,4.28,jja
31006,1.78,1.44,0.81,0.07,0.02,17.84,1.14,jja,247.14,4.17,jja
31010,1.82,1.44,0.79,0.06,0.02,17.76,1.14,jja,247.25,4.20,jja
31021,1.81,1.42,0.79,0.07,0.02,17.58,1.14,jja,245.05,4.16,jja
31023,1.80,1.45,0.81,0.06,0.02,17.89,1.13,jja,247.89,4.26,jja
31025,1.88,1.44,0.77,0.06,0.02,18.13,1.14,jja,244.40,4.11,jja
32003,1.76,1.44,0.82,0.05,0.02,18.16,1.15,son,249.89,4.32,jja
32004,1.80,1.44,0.80,0.05,0.02,18.18,1.14,jja,247.40,4.27,jja
32006,1.82,1.43,0.78,0.05,0.02,17.82,1.16,jja,244.94,4.25,jja
32008,1.83,1.43,0.78,0.06,0.02,17.80,1.14,NaN,245.38,4.21,jja
33006,1.86,1.48,0.79,0.03,0.01,17.71,1.15,son,241.05,4.06,jja
33007,1.91,1.47,0.77,0.03,0.02,17.82,1.15,son,239.56,4.01,jja
33012,1.65,1.46,0.88,0.04,0.01,18.11,1.15,son,253.60,4.41,jja
33013,1.65,1.47,0.89,0.04,0.02,17.87,1.17,son,248.14,4.30,jja
33014,1.69,1.47,0.87,0.05,0.02,17.56,1.14,son,247.63,4.31,jja
33018,1.87,1.43,0.76,0.01,0.02,18.13,1.15,son,243.11,4.22,jja
33019,1.76,1.48,0.84,0.04,0.01,17.67,1.16,son,244.91,4.13,mam
33020,1.59,1.46,0.92,0.06,0.01,17.96,1.15,jja,255.20,4.48,jja
33021,1.57,1.44,0.92,0.07,0.01,18.20,1.15,son,254.85,4.49,jja
33022,1.63,1.44,0.88,0.03,0.01,17.93,1.14,son,250.98,4.42,jja
33023,1.65,1.46,0.88,0.07,0.01,17.60,1.15,son,249.45,4.35,jja
33024,1.65,1.45,0.88,0.04,0.01,17.67,1.14,son,250.76,4.41,jja
33026,1.72,1.44,0.84,0.02,0.01,17.49,1.14,son,244.65,4.28,jja
33028,1.69,1.44,0.85,0.03,0.01,18.58,1.14,son,251.14,4.42,jja
33029,1.77,1.47,0.83,0.05,0.01,17.87,1.16,son,245.60,4.12,mam
33031,1.78,1.43,0.81,0.02,0.02,18.60,1.13,son,248.23,4.26,jja
33032,1.87,1.47,0.78,0.04,0.02,16.91,1.15,son,240.40,3.97,jja
33033,1.68,1.42,0.85,0.01,0.01,18.22,1.14,son,251.25,4.38,jja
33034,1.71,1.47,0.86,0.04,0.01,17.49,1.16,son,244.78,4.17,mam
33035,1.66,1.46,0.88,0.06,0.01,17.22,1.16,son,244.09,4.25,mam
33039,1.77,1.44,0.81,0.01,0.01,17.96,1.15,son,243.87,4.25,jja
33053,1.62,1.45,0.90,0.07,0.01,18.07,1.17,son,251.94,4.42,jja
33054,1.86,1.46,0.78,0.04,0.02,16.93,1.15,son,241.58,4.01,mam
33058,1.78,1.43,0.80,-0.02,0.01,18.24,1.15,son,245.03,4.27,jja
34002,1.73,1.49,0.86,0.03,0.02,17.62,1.17,son,245.11,4.15,jja
34003,1.90,1.47,0.77,0.03,0.02,17.24,1.15,son,239.63,3.96,jja
34004,1.90,1.47,0.77,0.03,0.02,16.96,1.16,son,236.91,3.97,jja
34005,1.86,1.49,0.80,0.02,0.01,17.29,1.16,son,240.29,4.06,jja
34006,1.67,1.48,0.89,0.04,0.02,17.89,1.16,son,247.00,4.25,mam
34007,1.64,1.48,0.90,0.04,0.02,18.24,1.17,son,248.71,4.32,jja
34008,1.80,1.48,0.82,0.05,0.01,17.18,1.16,son,245.49,4.15,mam
34010,1.69,1.48,0.88,0.04,0.02,17.71,1.17,son,247.51,4.21,mam
34011,1.94,1.47,0.76,0.03,0.02,17.29,1.15,son,238.00,3.94,mam
34012,1.87,1.46,0.78,0.03,0.02,17.33,1.15,son,240.74,3.95,jja
35003,1.66,1.50,0.90,0.02,0.02,17.98,1.17,son,250.18,4.34,jja
35008,1.63,1.48,0.91,0.04,0.02,18.29,1.16,son,250.76,4.34,jja
36003,1.60,1.47,0.92,0.03,0.02,18.56,1.15,son,254.31,4.47,jja
36006,1.65,1.47,0.89,0.04,0.02,17.89,1.14,son,249.18,4.36,jja
36009,1.70,1.48,0.87,0.03,0.02,18.36,1.15,son,249.98,4.27,jja
36010,1.65,1.47,0.89,0.04,0.02,18.40,1.16,son,251.85,4.40,jja
36011,1.68,1.47,0.87,0.05,0.02,18.51,1.15,son,250.56,4.37,jja
36012,1.71,1.47,0.86,0.05,0.02,17.87,1.15,son,249.23,4.31,jja
37001,1.68,1.45,0.86,-0.00,0.01,18.69,1.14,son,252.05,4.51,jja
37003,1.60,1.47,0.92,0.03,0.01,18.67,1.13,son,256.09,4.55,jja
37005,1.61,1.47,0.92,0.03,0.02,18.91,1.14,son,254.54,4.48,jja
37008,1.65,1.46,0.89,0.01,0.01,18.44,1.13,son,251.58,4.42,jja
37009,1.62,1.46,0.90,0.03,0.01,18.69,1.13,son,254.47,4.51,jja
37010,1.62,1.46,0.90,0.03,0.01,18.38,1.13,son,251.87,4.46,jja
37011,1.68,1.46,0.87,0.01,0.02,18.27,1.14,son,251.65,4.44,jja
37018,1.64,1.45,0.88,0.01,0.01,19.11,1.14,son,255.34,4.66,jja
37019,1.63,1.44,0.88,0.01,0.01,19.58,1.15,son,256.38,4.67,jja
37020,1.67,1.46,0.88,0.01,0.02,18.40,1.13,son,251.45,4.41,jja
37031,1.59,1.45,0.91,0.02,0.01,19.40,1.15,son,257.18,4.60,jja
37033,1.54,1.47,0.96,0.02,0.01,19.36,1.13,son,259.23,4.61,jja
38001,1.75,1.45,0.83,-0.01,0.01,17.60,1.14,son,246.78,4.34,jja
38003,1.81,1.45,0.80,-0.03,0.01,18.04,1.14,son,247.09,4.27,jja
38004,1.74,1.45,0.83,0.01,0.02,17.89,1.14,son,248.07,4.33,jja
38007,1.69,1.44,0.85,-0.02,0.01,18.49,1.14,son,253.74,4.57,jja
38012,1.75,1.44,0.82,-0.02,0.01,18.27,1.14,son,249.60,4.31,jja
38014,1.83,1.45,0.79,-0.03,0.01,18.80,1.15,son,250.83,4.49,jja
38017,1.81,1.46,0.80,-0.03,0.02,18.24,1.14,son,247.54,4.27,jja
38018,1.83,1.44,0.79,-0.04,0.01,18.38,1.14,son,245.34,4.30,jja
38021,1.84,1.46,0.79,-0.04,0.01,19.20,1.15,son,249.87,4.44,jja
38026,1.68,1.45,0.87,-0.01,0.01,18.82,1.14,son,251.74,4.42,jja
38029,1.74,1.45,0.83,0.01,0.02,17.96,1.15,son,248.85,4.33,jja
38030,1.74,1.45,0.83,-0.01,0.01,18.13,1.14,son,248.78,4.33,jja
39001,1.99,1.42,0.72,-0.09,0.01,17.00,1.15,son,232.14,4.16,jja
39002,1.95,1.42,0.73,-0.06,0.01,17.13,1.13,son,236.67,4.23,jja
39004,2.16,1.40,0.65,-0.14,0.01,18.71,1.16,son,240.05,4.21,jja
39005,1.75,1.41,0.81,-0.06,0.01,19.36,1.16,son,253.36,4.52,jja
39006,2.13,1.43,0.67,-0.08,0.02,17.69,1.14,son,235.51,4.14,jja
39007,1.99,1.41,0.71,-0.12,0.01,19.00,1.18,son,245.23,4.41,jja
39008,2.07,1.43,0.69,-0.08,0.01,17.64,1.13,son,234.78,4.25,jja
39010,1.95,1.44,0.74,-0.08,0.01,18.09,1.12,son,241.83,4.22,jja
39011,2.43,1.41,0.58,-0.20,0.01,19.29,1.18,son,236.56,4.29,jja
39012,1.87,1.41,0.75,-0.09,0.01,19.31,1.16,son,249.63,4.48,jja
39014,1.95,1.44,0.74,-0.07,0.02,18.56,1.12,son,243.09,4.19,jja
39015,2.21,1.41,0.64,-0.17,0.01,19.56,1.18,son,240.91,4.40,jja
39016,2.16,1.42,0.66,-0.14,0.01,18.13,1.15,son,234.78,4.27,jja
39017,1.74,1.42,0.82,-0.00,0.01,19.09,1.13,son,249.96,4.38,jja
39019,2.06,1.43,0.70,-0.11,0.01,17.91,1.15,son,241.23,4.35,jja
39020,2.34,1.42,0.61,-0.10,0.02,17.40,1.16,son,229.65,4.04,jja
39021,1.89,1.43,0.76,-0.00,0.02,17.89,1.14,son,242.58,4.23,jja
39022,2.07,1.41,0.68,-0.16,0.01,19.16,1.17,son,243.71,4.44,jja
39023,2.12,1.44,0.68,-0.09,0.02,18.69,1.13,son,237.43,4.11,jja
39025,2.23,1.41,0.63,-0.17,0.01,19.24,1.18,son,238.71,4.34,jja
39027,1.96,1.44,0.73,-0.10,0.01,18.60,1.15,son,244.60,4.42,jja
39028,2.26,1.41,0.63,-0.16,0.01,18.49,1.14,djf,234.20,4.18,jja
39029,2.26,1.40,0.62,-0.15,0.01,19.64,1.17,son,240.94,4.33,jja
39034,1.97,1.42,0.72,-0.06,0.02,18.84,1.15,son,242.20,4.27,jja
39035,2.36,1.43,0.61,-0.09,0.01,18.07,1.14,son,229.16,4.07,jja
39036,2.29,1.39,0.61,-0.15,0.01,19.76,1.16,son,241.07,4.33,jja
39037,2.27,1.42,0.63,-0.11,0.01,17.80,1.13,son,232.03,4.18,jja
39042,2.08,1.43,0.69,-0.09,0.01,18.53,1.14,son,238.83,4.28,jja
39049,1.88,1.45,0.77,-0.05,0.01,18.76,1.14,son,248.43,4.35,jja
39052,1.86,1.44,0.77,-0.06,0.01,18.98,1.16,son,249.78,4.45,jja
39054,2.26,1.40,0.62,-0.17,0.01,19.89,1.19,son,242.05,4.39,jja
39056,1.96,1.41,0.72,-0.09,0.01,18.53,1.15,son,245.00,4.30,jja
39061,2.05,1.40,0.69,-0.08,0.01,18.33,1.15,son,242.09,4.33,jja
39065,1.94,1.40,0.72,-0.05,0.01,18.69,1.13,son,244.76,4.27,jja
39069,2.21,1.39,0.63,-0.17,0.01,19.67,1.18,son,241.69,4.37,jja
39072,1.96,1.42,0.73,-0.08,0.01,16.89,1.14,son,233.78,4.19,jja
39078,2.47,1.42,0.58,-0.20,0.01,19.38,1.17,son,236.03,4.26,jja
39081,1.77,1.41,0.80,-0.04,0.01,18.02,1.14,son,247.20,4.50,jja
39087,2.01,1.42,0.71,-0.10,0.01,18.18,1.12,son,240.43,4.42,jja
39088,2.09,1.44,0.69,-0.10,0.02,18.42,1.14,son,238.89,4.13,jja
39095,1.76,1.42,0.81,-0.04,0.01,18.58,1.15,son,252.14,4.46,jja
39099,2.26,1.45,0.64,-0.10,0.01,18.56,1.14,son,233.63,4.19,jja
39101,2.23,1.44,0.64,-0.14,0.01,18.40,1.13,son,236.85,4.25,jja
39105,1.78,1.42,0.80,-0.03,0.01,18.13,1.13,son,243.56,4.26,jja
39108,2.45,1.42,0.58,-0.09,0.02,17.98,1.15,son,227.94,4.00,jja
39114,2.00,1.44,0.72,-0.10,0.01,18.87,1.16,son,244.51,4.36,jja
39120,2.61,1.42,0.54,-0.20,0.01,19.93,1.17,son,235.27,4.27,jja
39125,1.98,1.45,0.73,-0.07,0.02,18.49,1.13,son,242.63,4.18,jja
39127,2.15,1.43,0.67,-0.10,0.02,18.71,1.13,son,236.96,4.12,jja
39141,2.34,1.41,0.60,-0.18,0.01,18.89,1.17,son,237.11,4.32,jja
39142,2.30,1.42,0.62,-0.07,0.02,17.44,1.15,son,232.36,3.99,jja
39143,2.19,1.43,0.65,-0.07,0.02,17.73,1.16,son,235.00,4.05,jja
39144,1.84,1.44,0.78,0.00,0.02,18.16,1.14,son,245.27,4.22,jja
40003,2.09,1.40,0.67,-0.15,0.01,18.53,1.17,son,239.34,4.33,jja
40004,2.43,1.39,0.57,-0.19,0.01,20.29,1.18,son,239.36,4.38,jja
40005,1.94,1.40,0.72,-0.13,0.01,19.02,1.16,son,246.05,4.50,jja
40006,1.98,1.41,0.71,-0.14,0.01,19.27,1.16,son,245.43,4.41,jja
40007,2.35,1.40,0.59,-0.17,0.01,19.07,1.19,son,237.71,4.29,jja
40009,2.31,1.39,0.60,-0.18,0.01,19.67,1.18,son,239.89,4.37,jja
40010,2.09,1.40,0.67,-0.15,0.01,18.91,1.17,son,240.60,4.35,jja
40011,2.10,1.40,0.67,-0.10,0.01,18.98,1.17,son,241.91,4.23,jja
40012,2.02,1.40,0.69,-0.13,0.01,18.87,1.16,son,242.29,4.27,jja
40013,2.14,1.40,0.65,-0.14,0.01,18.87,1.16,son,240.23,4.22,jja
40016,1.92,1.41,0.74,-0.09,0.02,18.36,1.15,son,244.89,4.30,jja
40017,2.52,1.39,0.55,-0.18,0.01,20.60,1.19,son,238.58,4.31,jja
40018,2.11,1.40,0.66,-0.14,0.01,18.71,1.16,son,240.54,4.23,jja
4001,5.03,1.06,0.21,-0.37,0.04,9.69,1.20,djf,143.18,2.94,jja
40020,2.45,1.38,0.56,-0.17,0.01,19.58,1.18,son,236.83,4.27,jja
40021,2.20,1.41,0.64,-0.18,0.01,20.22,1.18,son,243.91,4.48,jja
40022,2.00,1.41,0.70,-0.10,0.01,18.82,1.16,son,245.36,4.36,jja
40033,2.42,1.40,0.58,-0.13,0.01,18.80,1.18,son,237.96,4.10,jja
4003,3.91,1.08,0.28,-0.31,0.07,11.40,1.19,djf,163.91,2.94,jja
4005,6.02,1.04,0.17,-0.40,0.05,10.42,1.22,djf,143.02,2.89,jja
4006,6.25,1.06,0.17,-0.37,0.03,9.82,1.19,djf,138.96,2.93,jja
41001,2.28,1.39,0.61,-0.15,0.01,20.31,1.19,son,243.29,4.42,jja
41003,2.32,1.39,0.60,-0.16,0.01,20.40,1.18,son,242.18,4.48,jja
41004,2.34,1.40,0.60,-0.17,0.01,19.96,1.21,son,239.78,4.37,jja
41005,2.35,1.41,0.60,-0.17,0.01,19.91,1.20,son,240.38,4.38,jja
41006,2.31,1.39,0.60,-0.16,0.01,19.80,1.18,son,241.14,4.40,jja
41009,2.58,1.41,0.55,-0.21,0.01,20.13,1.19,son,238.25,4.44,jja
41011,2.62,1.41,0.54,-0.21,0.01,20.29,1.18,son,237.56,4.41,jja
41012,2.33,1.39,0.60,-0.17,0.01,20.56,1.20,son,242.94,4.47,jja
41013,2.32,1.41,0.61,-0.16,0.01,20.20,1.19,son,242.11,4.41,jja
41014,2.28,1.41,0.62,-0.17,0.01,19.47,1.18,son,240.63,4.41,jja
41016,2.44,1.41,0.58,-0.16,0.01,20.60,1.19,son,239.14,4.32,jja
41019,2.26,1.41,0.62,-0.16,0.01,19.31,1.18,son,241.20,4.39,jja
41020,2.53,1.37,0.54,-0.18,0.01,20.13,1.18,son,241.20,4.42,jja
41022,2.46,1.41,0.57,-0.20,0.01,20.29,1.19,son,240.69,4.43,jja
41023,2.70,1.44,0.53,-0.20,0.01,20.60,1.19,son,237.56,4.37,jja
41025,2.32,1.41,0.61,-0.18,0.01,19.60,1.18,son,241.40,4.44,jja
41027,2.56,1.41,0.55,-0.21,0.01,20.11,1.17,son,238.40,4.40,jja
41028,2.39,1.37,0.57,-0.19,0.01,20.56,1.18,son,243.71,4.46,jja
41029,2.33,1.40,0.60,-0.15,0.01,20.04,1.17,son,242.80,4.44,jja
42001,2.36,1.43,0.61,-0.19,0.01,19.69,1.16,son,241.27,4.49,jja
42003,2.45,1.46,0.59,-0.23,0.01,20.73,1.19,son,240.49,4.42,jja
42004,2.24,1.43,0.64,-0.18,0.01,19.04,1.19,son,237.34,4.34,jja
42006,2.58,1.42,0.55,-0.19,0.01,20.18,1.17,son,236.71,4.36,jja
42008,2.53,1.40,0.55,-0.19,0.01,20.16,1.17,son,236.76,4.29,jja
42010,2.36,1.42,0.60,-0.19,0.01,20.18,1.19,son,238.38,4.37,jja
42011,2.41,1.43,0.59,-0.19,0.01,20.49,1.17,son,240.43,4.39,jja
42016,2.41,1.41,0.59,-0.19,0.01,20.04,1.18,son,237.05,4.35,jja
42017,2.24,1.42,0.64,-0.18,0.01,20.36,1.19,son,244.18,4.50,jja
42024,2.26,1.43,0.63,-0.17,0.01,19.24,1.18,son,237.09,4.33,jja
42026,2.20,1.43,0.65,-0.20,0.01,20.07,1.19,djf,242.16,4.41,jja
42027,2.18,1.41,0.65,-0.17,0.01,19.93,1.18,son,241.47,4.41,jja
43005,2.14,1.42,0.66,-0.14,0.01,18.67,1.16,son,235.67,4.23,jja
43006,2.48,1.44,0.58,-0.20,0.01,18.98,1.18,djf,231.69,4.26,jja
43007,2.44,1.45,0.59,-0.21,0.01,18.78,1.17,djf,230.38,4.31,jja
43008,2.39,1.43,0.60,-0.17,0.01,18.64,1.16,djf,230.78,4.25,jja
43009,2.41,1.44,0.60,-0.18,0.01,18.27,1.16,son,229.60,4.26,jja
43014,2.19,1.41,0.64,-0.14,0.01,19.07,1.15,son,235.80,4.18,jja
43017,2.14,1.42,0.66,-0.11,0.01,18.27,1.13,son,235.63,4.18,jja
43018,2.42,1.45,0.60,-0.23,0.01,20.00,1.17,son,236.29,4.38,jja
43021,2.33,1.43,0.62,-0.19,0.01,18.53,1.18,son,231.09,4.29,jja
44001,2.80,1.47,0.52,-0.25,0.01,19.51,1.15,son,230.51,4.28,jja
44002,2.71,1.48,0.54,-0.26,0.01,20.07,1.18,NaN,232.89,4.33,jja
44006,3.06,1.46,0.48,-0.25,0.01,19.49,1.15,son,227.36,4.19,jja
44009,2.52,1.51,0.60,-0.24,0.01,20.53,1.14,son,239.31,4.34,jja
44011,2.62,1.44,0.55,-0.20,0.01,19.84,1.13,son,233.63,4.26,jja
45001,3.57,1.43,0.40,-0.23,0.01,14.20,1.13,djf,194.36,3.72,jja
45003,2.74,1.44,0.53,-0.22,0.01,18.40,1.12,son,220.56,4.11,jja
45004,2.87,1.45,0.50,-0.23,0.01,19.31,1.14,djf,225.36,4.24,jja
45005,2.75,1.45,0.53,-0.23,0.01,18.91,1.13,son,223.74,4.16,jja
45009,3.97,1.42,0.36,-0.26,0.01,14.62,1.15,djf,193.91,3.66,jja
45012,2.50,1.46,0.58,-0.23,0.01,16.69,1.15,djf,220.87,4.15,jja
46003,5.16,1.42,0.28,-0.34,0.01,15.84,1.12,djf,187.31,3.71,jja
46005,6.11,1.41,0.23,-0.33,0.02,15.04,1.13,djf,176.27,3.53,jja
46008,4.50,1.46,0.32,-0.30,0.01,16.64,1.12,djf,199.14,3.80,jja
46014,3.53,1.43,0.40,-0.34,0.01,16.87,1.14,djf,204.60,3.92,jja
47001,3.43,1.44,0.42,-0.22,0.00,13.56,1.10,djf,192.34,3.72,jja
47004,4.07,1.44,0.35,-0.26,0.00,15.38,1.12,djf,192.47,3.77,jja
47005,3.42,1.45,0.42,-0.23,0.00,14.67,1.11,djf,197.38,3.75,jja
47008,3.18,1.44,0.45,-0.21,0.00,13.60,1.11,son,196.78,3.71,jja
47009,3.66,1.48,0.40,-0.25,0.00,15.73,1.10,djf,199.60,3.81,jja
47011,4.63,1.40,0.30,-0.25,0.01,15.27,1.11,djf,189.34,3.66,jja
47014,4.75,1.39,0.29,-0.24,0.01,14.27,1.09,djf,182.69,3.56,jja
47018,3.21,1.42,0.44,-0.21,0.00,13.69,1.12,son,196.14,3.72,jja
48003,3.40,1.43,0.42,-0.24,0.00,15.27,1.09,son,198.83,3.66,jja
48004,4.05,1.43,0.35,-0.21,0.00,13.96,1.09,son,187.91,3.56,jja
48005,3.07,1.45,0.47,-0.27,0.00,16.02,1.13,djf,207.96,3.81,jja
48011,4.05,1.43,0.35,-0.23,0.00,14.62,1.10,djf,188.71,3.64,jja
49001,3.77,1.42,0.38,-0.21,0.00,14.02,1.09,NaN,188.16,3.55,jja
49002,2.97,1.41,0.48,-0.25,0.00,15.60,1.12,djf,208.80,3.80,jja
49004,2.88,1.43,0.50,-0.24,0.00,16.02,1.12,djf,208.63,3.75,jja
50001,3.24,1.43,0.44,-0.20,0.01,13.11,1.13,son,194.34,3.70,jja
50002,3.37,1.43,0.43,-0.21,0.00,13.02,1.12,djf,193.18,3.68,jja
50006,3.71,1.42,0.38,-0.18,0.01,12.29,1.10,son,189.14,3.60,jja
50007,3.48,1.41,0.40,-0.30,0.01,15.13,1.14,djf,199.38,3.76,jja
50008,3.40,1.42,0.42,-0.22,0.00,13.87,1.11,djf,197.29,3.72,jja
50011,4.26,1.37,0.32,-0.28,0.01,14.62,1.13,djf,186.51,3.62,jja
5003,6.35,1.04,0.16,-0.42,0.05,10.84,1.24,djf,138.09,2.93,jja
51001,2.63,1.41,0.54,-0.22,0.01,17.96,1.17,djf,225.65,4.17,jja
52004,2.55,1.44,0.56,-0.21,0.01,19.27,1.18,djf,231.36,4.35,jja
52005,2.75,1.45,0.53,-0.23,0.01,17.22,1.15,djf,217.58,4.06,jja
52006,2.48,1.44,0.58,-0.19,0.01,19.33,1.17,djf,232.25,4.30,jja
52007,2.55,1.43,0.56,-0.20,0.01,20.20,1.17,djf,236.56,4.42,jja
52009,2.74,1.43,0.52,-0.08,0.01,16.93,1.11,son,219.65,3.90,jja
52010,2.45,1.44,0.59,-0.08,0.01,16.82,1.11,son,227.27,4.07,jja
52011,2.05,1.45,0.71,-0.06,0.01,17.80,1.14,son,238.03,4.33,jja
52015,2.63,1.44,0.55,-0.09,0.01,18.73,1.18,son,225.85,4.02,jja
52016,2.66,1.44,0.54,-0.17,0.01,17.44,1.13,djf,224.91,4.08,jja
53005,2.71,1.43,0.53,-0.16,0.01,17.64,1.12,son,224.45,4.09,jja
53006,2.29,1.43,0.63,-0.09,0.01,18.40,1.16,son,232.09,4.13,jja
53007,2.71,1.43,0.53,-0.14,0.01,17.11,1.11,son,221.74,4.02,jja
53008,2.27,1.44,0.64,-0.11,0.01,18.36,1.16,son,233.00,4.23,jja
53009,2.81,1.42,0.51,-0.18,0.01,17.51,1.11,djf,223.27,4.04,jja
53013,2.10,1.42,0.68,-0.09,0.01,17.78,1.12,son,236.60,4.20,jja
53017,2.32,1.42,0.61,-0.09,0.01,18.53,1.16,son,232.36,4.14,jja
53018,2.32,1.43,0.62,-0.12,0.01,16.62,1.11,son,226.91,4.13,jja
53022,2.32,1.43,0.62,-0.12,0.01,16.73,1.12,son,227.03,4.14,jja
53023,2.36,1.45,0.61,-0.11,0.01,18.58,1.16,son,231.54,4.16,jja
53028,2.43,1.44,0.59,-0.12,0.01,17.91,1.14,son,229.54,4.13,jja
54001,2.55,1.38,0.54,-0.14,0.01,13.38,1.10,son,200.14,3.61,jja
54002,1.82,1.42,0.78,0.04,0.01,17.36,1.15,NaN,239.67,4.12,jja
54003,5.61,1.33,0.24,-0.32,0.02,14.07,1.14,djf,172.54,3.34,jja
54004,1.85,1.43,0.77,0.04,0.02,18.31,1.15,son,243.69,4.08,jja
54005,3.22,1.35,0.42,-0.23,0.01,13.40,1.11,djf,190.45,3.57,jja
54007,1.94,1.43,0.74,0.02,0.02,17.69,1.14,son,238.89,3.99,jja
54008,2.37,1.38,0.58,-0.12,0.02,16.31,1.13,djf,218.71,3.84,jja
54011,1.90,1.42,0.75,0.01,0.01,17.98,1.13,son,241.40,4.05,jja
54012,1.92,1.41,0.73,0.03,0.01,15.96,1.11,son,229.07,3.80,jja
54015,1.83,1.43,0.78,0.02,0.01,18.00,1.12,son,244.34,4.10,jja
54016,1.92,1.41,0.74,0.00,0.01,16.31,1.11,son,230.09,3.77,jja
54017,1.94,1.43,0.74,-0.05,0.01,18.58,1.16,son,243.20,4.31,jja
54018,2.12,1.37,0.65,-0.05,0.02,16.29,1.13,son,226.45,3.88,jja
54019,1.82,1.42,0.78,0.07,0.02,17.98,1.15,jja,243.43,4.09,jja
54020,2.05,1.40,0.68,-0.06,0.01,16.40,1.12,son,227.78,3.87,jja
54022,7.16,1.36,0.19,-0.27,0.02,13.20,1.13,djf,164.20,3.21,jja
54024,1.91,1.41,0.74,0.02,0.01,16.89,1.10,son,235.60,3.87,jja
54025,3.50,1.31,0.37,-0.29,0.01,13.84,1.13,djf,193.69,3.66,jja
54027,2.36,1.42,0.60,-0.08,0.01,18.00,1.15,son,230.25,4.05,jja
54028,3.75,1.35,0.36,-0.26,0.01,13.38,1.12,djf,185.87,3.52,jja
54029,2.31,1.38,0.60,-0.11,0.02,15.96,1.13,djf,220.25,3.85,jja
54032,2.40,1.39,0.58,-0.12,0.01,13.76,1.10,son,204.47,3.67,jja
54034,2.01,1.42,0.70,-0.02,0.02,17.40,1.13,son,237.94,4.01,jja
54036,1.96,1.39,0.71,-0.01,0.01,17.31,1.14,son,239.98,4.14,jja
54038,3.56,1.34,0.38,-0.26,0.02,14.96,1.14,djf,193.09,3.60,jja
54044,2.07,1.40,0.68,0.02,0.01,15.56,1.12,son,226.05,3.71,jja
54048,1.74,1.42,0.82,0.06,0.01,17.98,1.14,son,247.38,4.23,jja
54049,1.79,1.42,0.79,0.06,0.01,17.67,1.14,son,244.69,4.18,jja
54052,1.96,1.41,0.72,0.01,0.01,16.78,1.11,son,229.43,3.77,jja
54057,2.22,1.40,0.63,-0.08,0.01,13.78,1.12,son,210.03,3.75,jja
54060,1.88,1.41,0.75,0.04,0.01,16.98,1.12,NaN,235.00,3.83,jja
54063,2.02,1.40,0.69,-0.01,0.02,17.67,1.15,son,236.05,3.89,jja
54080,4.56,1.33,0.29,-0.30,0.01,13.44,1.14,djf,178.18,3.44,jja
54095,2.64,1.37,0.52,-0.15,0.01,13.47,1.11,son,198.11,3.60,jja
54096,1.85,1.42,0.77,0.01,0.01,18.47,1.14,son,244.20,4.10,jja
55002,3.47,1.35,0.39,-0.26,0.01,12.96,1.11,djf,186.43,3.53,jja
55007,3.92,1.34,0.34,-0.27,0.01,12.29,1.11,djf,180.85,3.48,jja
55008,7.09,1.37,0.19,-0.25,0.02,12.58,1.12,djf,162.74,3.18,jja
55013,2.75,1.37,0.50,-0.19,0.02,16.31,1.13,son,213.38,3.85,jja
55014,2.84,1.36,0.48,-0.21,0.02,15.80,1.13,djf,210.78,3.85,jja
55016,3.05,1.34,0.44,-0.24,0.02,14.00,1.12,djf,199.80,3.73,jja
55018,2.02,1.43,0.71,-0.05,0.01,18.11,1.15,son,239.05,4.12,jja
55021,2.52,1.39,0.55,-0.17,0.02,16.36,1.14,son,217.71,3.90,jja
55023,2.86,1.38,0.48,-0.21,0.01,14.20,1.12,djf,199.54,3.73,jja
55025,2.78,1.33,0.48,-0.23,0.01,16.58,1.15,djf,215.36,3.98,jja
55026,4.61,1.33,0.29,-0.29,0.02,12.29,1.11,djf,174.09,3.41,jja
55029,2.73,1.38,0.50,-0.20,0.02,18.40,1.15,djf,223.58,4.14,jja
55032,5.14,1.32,0.26,-0.30,0.02,12.02,1.10,djf,169.67,3.37,jja
56001,3.86,1.35,0.35,-0.28,0.01,15.31,1.14,djf,191.56,3.59,jja
56002,4.17,1.37,0.33,-0.26,0.01,17.11,1.15,djf,200.63,3.81,jja
56007,5.67,1.27,0.22,-0.30,0.01,15.11,1.16,djf,177.74,3.49,jja
56012,3.48,1.36,0.39,-0.23,0.03,17.33,1.14,djf,210.34,3.90,jja
56013,3.63,1.36,0.38,-0.25,0.01,14.40,1.14,djf,193.14,3.56,jja
57004,5.12,1.36,0.27,-0.29,0.01,15.62,1.16,djf,189.78,3.64,jja
57005,5.29,1.36,0.26,-0.27,0.01,14.91,1.15,djf,184.54,3.61,jja
57006,6.38,1.37,0.21,-0.26,0.01,15.29,1.14,djf,182.07,3.54,jja
57007,4.91,1.35,0.28,-0.28,0.01,15.29,1.16,djf,185.63,3.59,jja
57008,4.04,1.40,0.35,-0.24,0.01,16.49,1.15,djf,201.18,3.82,jja
57009,3.92,1.44,0.37,-0.16,0.00,15.40,1.11,son,199.63,3.70,jja
58001,5.06,1.40,0.28,-0.16,0.01,13.67,1.09,son,185.36,3.51,NaN
58002,5.54,1.35,0.24,-0.25,0.01,14.51,1.15,djf,178.74,3.53,jja
58006,5.61,1.34,0.24,-0.26,0.01,14.56,1.16,djf,179.02,3.50,jja
58008,5.12,1.35,0.26,-0.19,0.01,14.49,1.11,son,183.25,3.47,jja
58009,3.80,1.45,0.38,-0.13,0.00,14.62,1.10,son,198.43,3.64,jja
58010,5.89,1.36,0.23,-0.26,0.02,14.62,1.16,djf,177.76,3.45,jja
58012,5.84,1.34,0.23,-0.18,0.01,14.62,1.10,son,181.56,3.45,jja
59001,5.39,1.37,0.25,-0.22,0.01,14.27,1.12,son,176.82,3.45,jja
60002,4.39,1.38,0.31,-0.21,0.01,14.00,1.11,djf,180.31,3.38,jja
60003,4.02,1.43,0.36,-0.19,0.00,15.24,1.09,son,194.43,3.47,jja
60005,4.22,1.35,0.32,-0.25,0.01,13.18,1.12,djf,181.69,3.47,jja
60006,4.55,1.40,0.31,-0.20,0.00,15.31,1.11,son,185.71,3.37,jja
60010,4.34,1.36,0.31,-0.23,0.01,13.16,1.13,djf,177.42,3.43,jja
60012,4.32,1.35,0.31,-0.23,0.01,13.27,1.11,djf,179.91,3.33,jja
6007,5.17,1.07,0.21,-0.37,0.03,10.56,1.22,djf,142.00,3.00,jja
6008,3.72,1.09,0.29,-0.36,0.04,13.09,1.22,djf,177.09,3.09,jja
61001,3.56,1.44,0.40,-0.17,0.00,15.33,1.09,son,200.27,3.36,jja
61002,4.08,1.43,0.35,-0.18,0.00,14.36,1.08,son,192.03,3.36,jja
62001,3.85,1.37,0.36,-0.20,0.01,13.29,1.10,djf,182.38,3.36,jja
63001,4.17,1.32,0.32,-0.18,0.01,12.33,1.10,son,177.69,3.30,jja
63004,5.79,1.32,0.23,-0.25,0.02,11.71,1.10,son,164.60,3.24,jja
64001,5.18,1.32,0.25,-0.23,0.01,12.64,1.14,djf,170.69,3.33,jja
64002,6.10,1.32,0.22,-0.17,0.01,13.38,1.12,son,172.51,3.22,mam
64006,4.34,1.30,0.30,-0.11,0.01,13.36,1.11,son,182.89,3.24,jja
65001,8.03,1.32,0.16,-0.18,0.01,12.47,1.10,son,155.76,3.00,jja
65004,5.92,1.30,0.22,-0.18,0.01,12.71,1.08,son,166.65,3.03,jja
65005,4.05,1.42,0.35,-0.15,0.01,14.44,1.07,son,190.67,3.09,jja
65006,6.13,1.28,0.21,-0.19,0.01,12.78,1.08,son,163.00,3.02,jja
65007,5.63,1.35,0.24,-0.14,0.01,12.40,1.08,son,170.78,3.01,jja
65008,9.61,1.22,0.13,-0.19,0.03,12.24,1.10,son,149.31,2.93,jja
66001,2.57,1.33,0.52,-0.12,0.01,13.49,1.10,son,203.60,3.46,jja
66004,2.41,1.37,0.57,-0.00,0.02,14.91,1.11,son,215.98,3.45,jja
66006,3.27,1.34,0.41,-0.19,0.01,13.58,1.12,son,190.96,3.34,jja
66011,5.83,1.31,0.23,-0.26,0.01,12.53,1.13,djf,161.71,3.17,jja
67001,5.28,1.31,0.25,-0.30,0.02,13.89,1.15,djf,170.67,3.30,jja
67005,3.39,1.34,0.39,-0.22,0.03,14.76,1.12,djf,195.74,3.55,jja
67006,3.68,1.33,0.36,-0.24,0.02,13.02,1.13,djf,184.16,3.29,jja
67008,2.55,1.36,0.53,-0.07,0.02,14.27,1.13,son,207.51,3.43,jja
67010,5.80,1.30,0.22,-0.29,0.02,13.71,1.14,djf,168.87,3.22,jja
67015,3.87,1.32,0.34,-0.26,0.02,13.20,1.12,djf,179.00,3.32,jja
67018,5.77,1.33,0.23,-0.28,0.02,14.18,1.14,djf,168.60,3.29,jja
67025,2.37,1.39,0.58,-0.11,0.02,15.51,1.12,son,216.38,3.62,jja
67033,3.11,1.35,0.43,-0.19,0.01,12.58,1.11,son,186.60,3.40,jja
68001,1.99,1.40,0.70,0.02,0.01,15.29,1.10,son,224.20,3.71,mam
68003,2.31,1.37,0.59,-0.01,0.01,13.44,1.10,son,212.38,3.53,mam
68004,1.99,1.38,0.69,0.03,0.01,15.22,1.10,son,226.49,3.77,mam
68005,1.96,1.41,0.72,0.02,0.01,15.69,1.10,son,227.65,3.74,jja
68020,1.98,1.39,0.70,0.03,0.01,15.91,1.10,son,227.09,3.71,mam
69002,3.47,1.35,0.39,-0.12,0.02,12.42,1.10,son,189.16,3.34,mam
69007,3.07,1.33,0.43,-0.09,0.02,12.58,1.12,son,192.23,3.32,mam
69012,2.57,1.33,0.52,-0.02,0.02,13.87,1.12,son,207.60,3.41,mam
69015,3.63,1.31,0.36,-0.13,0.03,12.98,1.14,son,187.07,3.21,mam
69017,3.13,1.30,0.42,-0.10,0.03,12.58,1.11,son,194.63,3.35,mam
69023,3.41,1.34,0.39,-0.13,0.02,13.24,1.11,son,191.98,3.36,mam
69027,3.31,1.33,0.40,-0.10,0.02,12.62,1.12,son,191.49,3.28,mam
69030,2.49,1.41,0.56,-0.01,0.01,14.76,1.10,son,210.80,3.48,mam
69032,2.39,1.41,0.59,0.01,0.01,14.78,1.10,son,214.23,3.50,mam
69043,2.82,1.36,0.48,-0.08,0.01,13.67,1.12,son,203.38,3.51,mam
70002,2.83,1.39,0.49,-0.04,0.01,13.62,1.10,son,202.87,3.40,mam
7001,3.42,1.07,0.31,-0.19,0.10,12.22,1.20,son,171.27,3.00,jja
7002,3.00,1.09,0.36,-0.09,0.07,11.64,1.15,son,176.94,2.99,jja
7003,2.36,1.17,0.49,0.11,0.04,13.58,1.18,son,208.38,3.21,mam
7005,2.44,1.12,0.46,0.07,0.06,13.49,1.18,son,205.65,3.24,mam
7006,2.72,1.14,0.42,0.07,0.07,13.60,1.19,son,198.49,3.08,mam
71001,3.73,1.32,0.36,-0.14,0.01,12.22,1.12,djf,184.56,3.33,mam
71004,3.34,1.32,0.40,-0.12,0.02,12.84,1.12,son,191.89,3.36,mam
71006,3.71,1.31,0.35,-0.15,0.02,12.73,1.12,djf,187.00,3.42,mam
71008,4.48,1.33,0.30,-0.15,0.02,13.11,1.10,djf,182.63,3.26,mam
71014,3.32,1.35,0.41,-0.08,0.01,13.27,1.10,son,193.60,3.34,mam
72002,3.49,1.35,0.39,-0.06,0.01,13.18,1.09,son,193.27,3.30,mam
72004,4.26,1.28,0.30,-0.18,0.02,13.20,1.13,djf,180.20,3.33,mam
72005,4.72,1.27,0.27,-0.24,0.02,14.20,1.15,djf,182.27,3.35,mam
72007,3.81,1.35,0.35,-0.06,0.01,13.33,1.10,son,191.11,3.24,mam
72009,3.63,1.32,0.36,-0.15,0.02,13.51,1.13,son,191.27,3.40,mam
72014,3.34,1.32,0.40,-0.04,0.01,14.49,1.11,son,199.78,3.31,mam
72015,4.64,1.27,0.27,-0.26,0.02,14.38,1.15,djf,184.45,3.38,mam
73005,4.88,1.29,0.27,-0.22,0.02,13.22,1.11,djf,182.22,3.38,mam
73009,5.76,1.28,0.22,-0.26,0.02,13.80,1.13,djf,176.96,3.30,jja
73010,6.25,1.26,0.20,-0.26,0.02,13.44,1.10,djf,172.09,3.27,mam
73011,4.52,1.30,0.29,-0.20,0.02,13.91,1.13,djf,184.85,3.36,mam
73014,8.05,1.24,0.15,-0.26,0.02,13.47,1.10,djf,164.20,3.15,mam
73015,3.20,1.36,0.43,-0.07,0.01,14.96,1.11,son,203.18,3.49,mam
74001,6.34,1.27,0.20,-0.19,0.02,13.02,1.07,son,169.05,3.11,mam
74005,4.91,1.29,0.26,-0.13,0.01,13.31,1.09,son,178.71,3.16,mam
74006,5.01,1.28,0.26,-0.09,0.02,13.31,1.07,son,179.98,3.11,mam
74007,6.49,1.25,0.19,-0.17,0.02,12.78,1.07,son,167.18,3.08,mam
75003,5.85,1.22,0.21,-0.26,0.02,13.76,1.14,djf,170.96,3.19,mam
75004,5.61,1.21,0.21,-0.20,0.02,14.02,1.11,son,175.36,3.19,mam
75017,3.11,1.30,0.42,-0.09,0.01,14.56,1.12,son,199.00,3.33,mam
76003,5.06,1.25,0.25,-0.31,0.02,14.51,1.16,djf,179.87,3.39,mam
76005,3.19,1.26,0.39,-0.21,0.02,14.02,1.15,djf,193.36,3.47,mam
76007,3.33,1.27,0.38,-0.18,0.02,12.49,1.14,djf,185.27,3.36,mam
76008,3.02,1.30,0.43,-0.06,0.02,12.60,1.12,djf,190.85,3.21,mam
76011,3.37,1.33,0.39,-0.12,0.03,13.13,1.12,djf,186.76,3.11,jja
76014,4.24,1.21,0.29,-0.28,0.03,13.91,1.17,djf,183.63,3.28,jja
77002,4.23,1.27,0.30,-0.16,0.02,12.62,1.11,djf,177.47,3.19,mam
77003,3.75,1.27,0.34,-0.16,0.02,12.47,1.11,djf,183.09,3.14,mam
77004,3.39,1.31,0.39,-0.05,0.01,13.33,1.10,son,194.18,3.30,mam
78003,3.87,1.26,0.33,-0.16,0.02,12.89,1.11,son,183.91,3.32,mam
78004,4.25,1.27,0.30,-0.18,0.02,13.73,1.11,son,183.80,3.27,mam
78006,4.56,1.20,0.26,-0.23,0.03,13.09,1.13,djf,174.94,3.16,jja
79002,4.22,1.22,0.29,-0.25,0.02,12.84,1.11,son,176.09,3.24,mam
79003,4.42,1.20,0.27,-0.24,0.02,11.62,1.11,son,170.29,3.21,mam
79004,4.73,1.25,0.26,-0.27,0.02,14.40,1.12,djf,178.51,3.30,jja
79005,4.16,1.27,0.30,-0.23,0.01,14.36,1.10,son,185.49,3.37,jja
79006,4.32,1.20,0.28,-0.26,0.02,12.22,1.12,NaN,173.02,3.22,mam
80001,3.91,1.30,0.33,-0.21,0.01,14.76,1.09,son,190.60,3.36,jja
80002,5.17,1.25,0.24,-0.27,0.02,12.71,1.07,son,166.98,3.20,mam
80003,7.48,1.20,0.16,-0.21,0.03,11.84,1.06,son,156.34,2.97,mam
80004,7.28,1.17,0.16,-0.23,0.02,12.18,1.06,son,156.60,2.98,mam
80005,7.36,1.19,0.16,-0.21,0.04,11.80,1.06,son,156.85,2.97,mam
80006,7.22,1.19,0.16,-0.22,0.03,12.00,1.06,son,157.05,2.98,mam
8004,3.08,1.07,0.35,-0.06,0.13,11.91,1.19,son,177.11,2.86,jja
8005,3.69,1.05,0.29,-0.29,0.08,12.00,1.19,djf,162.36,2.98,jja
8006,3.18,1.07,0.34,-0.17,0.08,9.84,1.17,son,161.09,2.83,jja
8009,2.83,1.09,0.38,-0.13,0.08,12.82,1.18,son,185.36,3.09,jja
8011,2.78,1.06,0.38,-0.01,0.11,12.67,1.21,son,189.36,3.00,jja
8013,3.68,1.03,0.28,-0.25,0.13,12.64,1.17,djf,170.45,2.93,jja
81002,5.20,1.25,0.24,-0.20,0.01,11.00,1.05,son,165.56,3.04,mam
81003,4.33,1.31,0.30,-0.16,0.01,11.82,1.09,son,174.85,3.01,mam
81004,3.87,1.33,0.34,-0.17,0.01,12.02,1.07,son,182.65,3.13,mam
81006,5.94,1.22,0.20,-0.21,0.02,11.11,1.05,son,160.54,2.99,mam
81007,5.26,1.28,0.24,-0.21,0.01,12.87,1.06,son,171.62,3.16,jja
82001,3.92,1.25,0.32,-0.19,0.01,11.96,1.08,son,176.40,3.16,mam
82003,4.38,1.26,0.29,-0.18,0.01,10.91,1.07,son,171.05,3.06,mam
83003,3.78,1.22,0.32,-0.18,0.02,11.31,1.09,son,177.42,3.18,mam
83004,3.63,1.22,0.34,-0.20,0.02,11.44,1.10,son,180.27,3.27,mam
83006,3.51,1.23,0.35,-0.17,0.01,11.16,1.09,son,180.42,3.25,mam
83007,3.84,1.25,0.33,-0.14,0.01,11.71,1.08,son,179.51,3.14,mam
83009,4.45,1.26,0.28,-0.15,0.01,11.20,1.09,son,171.76,3.13,jja
83010,3.90,1.23,0.32,-0.15,0.01,12.20,1.09,son,179.69,3.19,mam
83013,3.53,1.24,0.35,-0.12,0.01,12.00,1.10,son,182.85,3.23,mam
84001,3.68,1.24,0.34,-0.17,0.01,11.73,1.09,son,182.11,3.30,jja
84004,3.56,1.21,0.34,-0.20,0.03,11.13,1.08,son,176.14,3.16,mam
84005,3.31,1.22,0.37,-0.18,0.02,10.98,1.09,son,179.14,3.25,mam
84008,3.54,1.25,0.35,-0.21,0.01,13.91,1.12,son,188.98,3.33,mam
84009,3.49,1.22,0.35,-0.19,0.02,12.67,1.12,son,185.47,3.26,mam
84012,3.83,1.24,0.32,-0.20,0.01,12.67,1.10,son,181.27,3.29,jja
84013,3.28,1.22,0.37,-0.17,0.02,11.11,1.09,son,179.40,3.28,mam
84014,3.70,1.23,0.33,-0.18,0.02,12.00,1.10,son,181.78,3.25,mam
84016,3.14,1.25,0.40,-0.13,0.01,12.36,1.09,son,190.65,3.31,jja
84017,5.14,1.24,0.24,-0.21,0.01,11.73,1.09,son,166.76,3.14,jja
84018,3.50,1.21,0.35,-0.20,0.03,11.11,1.09,son,177.00,3.18,mam
84019,2.81,1.25,0.45,-0.11,0.01,12.51,1.12,son,196.25,3.35,mam
84020,4.58,1.23,0.27,-0.20,0.02,12.42,1.10,son,176.11,3.23,jja
84022,3.81,1.21,0.32,-0.22,0.02,11.27,1.09,son,176.65,3.20,mam
84026,4.29,1.24,0.29,-0.20,0.01,12.11,1.10,son,179.09,3.25,jja
84030,4.01,1.24,0.31,-0.20,0.01,12.51,1.10,son,179.54,3.26,NaN
85001,5.95,1.16,0.19,-0.29,0.02,9.80,1.11,NaN,154.00,3.15,jja
85002,4.36,1.20,0.28,-0.24,0.02,12.40,1.11,son,177.96,3.29,jja
85003,8.32,1.09,0.13,-0.34,0.03,10.22,1.13,djf,143.89,3.09,mam
85004,6.89,1.15,0.17,-0.29,0.02,10.22,1.09,djf,155.87,3.14,jja
88001,5.14,1.26,0.25,-0.19,0.01,10.04,1.07,son,160.54,3.02,mam
89002,8.90,1.12,0.13,-0.33,0.03,10.29,1.18,djf,139.45,3.13,mam
89003,8.04,1.07,0.13,-0.35,0.03,10.64,1.15,djf,142.07,3.13,mam
89005,8.40,1.07,0.13,-0.33,0.03,9.31,1.13,djf,139.87,3.07,mam
89007,7.41,1.16,0.16,-0.24,0.02,8.53,1.08,son,142.89,3.03,mam
90003,8.61,1.03,0.12,-0.35,0.04,10.36,1.16,djf,139.02,3.02,mam
9002,2.57,1.18,0.46,0.03,0.05,13.00,1.20,son,198.45,3.15,mam
9003,2.50,1.19,0.48,0.08,0.05,13.58,1.23,son,204.89,3.19,mam
9004,2.66,1.16,0.44,0.01,0.07,14.20,1.21,son,203.80,3.18,mam
9005,2.93,1.11,0.38,-0.02,0.11,14.04,1.25,son,192.67,3.06,jja
92001,8.06,1.09,0.14,-0.28,0.01,8.36,1.10,djf,133.78,3.06,mam
93001,7.50,1.06,0.14,-0.33,0.03,9.16,1.20,djf,129.89,2.88,jja
94001,6.49,1.07,0.16,-0.33,0.02,9.38,1.20,djf,130.38,2.87,jja
95001,6.20,1.05,0.17,-0.25,0.03,8.16,1.14,son,125.29,2.69,jja
96001,3.06,1.10,0.36,-0.19,0.04,9.73,1.11,son,168.49,2.89,jja
96002,3.81,1.08,0.28,-0.28,0.03,8.53,1.11,son,149.14,2.87,jja
96004,6.92,1.07,0.16,-0.30,0.04,8.18,1.12,son,121.82,2.64,jja
97002,2.97,1.13,0.38,-0.17,0.04,9.91,1.11,son,168.89,2.91,jja
