gauge_id,lcm2000-woodland,lcm2000-arable-horticultural,lcm2000-grassland,lcm2000-mountain-heath-bog,lcm2000-urban
10002,0.1135,0.4389,0.3459,0.0849,0.0156
10003,0.0688,0.5768,0.3216,0.0193,0.013
1001,0.0981,0.0575,0.4148,0.3931,0.004
101002,0.069,0.5114,0.3487,0.0,0.0424
101005,0.0613,0.46,0.3968,0.0,0.0494
102001,0.0742,0.062,0.8544,0.0,0.0041
106001,0.0352,0.0,0.0669,0.8573,0.0
107001,0.0,0.0126,0.3414,0.645,0.0005
11001,0.1589,0.2958,0.2888,0.2403,0.0119
11003,0.1569,0.1069,0.2474,0.4798,0.0011
11004,0.133,0.4272,0.3514,0.0788,0.0094
12001,0.1307,0.0354,0.1207,0.701,0.0035
12002,0.162,0.0575,0.1381,0.63,0.0052
12005,0.086,0.0041,0.0775,0.8086,0.0003
12006,0.0207,0.0014,0.1175,0.8549,0.0001
12007,0.0207,0.0,0.0517,0.9215,0.0
12008,0.1426,0.0448,0.1122,0.6955,0.0045
12009,0.0002,0.0,0.0428,0.9562,0.0003
13001,0.1521,0.546,0.2157,0.0662,0.0194
13004,0.1498,0.0232,0.1884,0.638,0.0
13005,0.0949,0.6823,0.1771,0.0174,0.0194
13007,0.0623,0.246,0.1798,0.5033,0.0057
13008,0.1026,0.214,0.2419,0.4355,0.0042
14001,0.1212,0.5209,0.2902,0.0185,0.0416
14002,0.0746,0.4596,0.2785,0.0348,0.1444
14005,0.0915,0.5836,0.2989,0.0046,0.0148
15006,0.1594,0.0721,0.2466,0.481,0.0041
15007,0.1385,0.0072,0.3096,0.4953,0.0014
15010,0.1522,0.1291,0.3408,0.3613,0.0033
15011,0.0731,0.0042,0.273,0.6018,0.0006
15012,0.132,0.0024,0.1579,0.6524,0.0011
15013,0.2195,0.0379,0.3188,0.4142,0.002
15014,0.1112,0.0,0.2412,0.6444,0.0
15016,0.1197,0.001,0.3532,0.4662,0.0013
15021,0.2389,0.1802,0.3399,0.1883,0.0069
15023,0.3223,0.0032,0.2565,0.4041,0.0
15024,0.1468,0.0002,0.4033,0.4339,0.0008
15025,0.1607,0.0101,0.3145,0.5091,0.0001
15030,0.0936,0.5501,0.2442,0.0818,0.0277
15039,0.0135,0.0,0.0871,0.8898,0.0
16001,0.146,0.1049,0.3786,0.3296,0.0121
16003,0.0668,0.0054,0.432,0.4877,0.0017
16004,0.1436,0.1634,0.3867,0.266,0.0174
17001,0.2677,0.0546,0.3711,0.2126,0.0382
17003,0.1448,0.0825,0.4608,0.1132,0.189
17004,0.171,0.2869,0.345,0.0223,0.1383
17005,0.1218,0.1811,0.4723,0.0978,0.1047
17015,0.1968,0.2568,0.5032,0.0192,0.0173
17018,0.024,0.5535,0.2051,0.0326,0.1255
18001,0.096,0.1011,0.5192,0.2533,0.0174
18002,0.112,0.0949,0.6764,0.0726,0.0289
18003,0.1777,0.0033,0.4004,0.3554,0.0048
18008,0.1757,0.0047,0.3672,0.4101,0.003
18010,0.2864,0.0331,0.491,0.1472,0.0051
18011,0.2197,0.0281,0.448,0.252,0.0075
18014,0.2065,0.1254,0.4103,0.2014,0.0367
18017,0.0115,0.0,0.271,0.7175,0.0
18018,0.0477,0.0,0.273,0.6529,0.0
19001,0.1697,0.2302,0.3336,0.1063,0.1462
19006,0.1001,0.1383,0.2612,0.3006,0.176
19010,0.1693,0.0732,0.3193,0.1202,0.3078
19017,0.1124,0.3868,0.2615,0.0147,0.2147
19020,0.1306,0.1213,0.4345,0.1683,0.1347
20002,0.0363,0.7363,0.2164,0.0021,0.0081
20003,0.1326,0.4916,0.3099,0.053,0.0102
20007,0.1534,0.3377,0.3116,0.1907,0.0025
2001,0.0537,0.0003,0.0712,0.8428,0.0001
2002,0.0391,0.0001,0.0746,0.8675,0.0009
21003,0.1477,0.0652,0.5252,0.2476,0.0084
21006,0.1983,0.0529,0.4671,0.2679,0.0071
21008,0.1996,0.2655,0.4525,0.0631,0.0144
21009,0.1516,0.2334,0.4491,0.1505,0.0105
21011,0.1165,0.0099,0.4386,0.4109,0.001
21012,0.2746,0.1252,0.5226,0.0547,0.0176
21013,0.0887,0.038,0.6282,0.2435,0.0015
21015,0.0777,0.1441,0.5135,0.2615,0.0031
21016,0.1316,0.4621,0.3787,0.022,0.0053
21017,0.2688,0.0,0.4288,0.3024,0.0
21018,0.1239,0.1158,0.5602,0.1812,0.0113
21022,0.1152,0.2143,0.4175,0.2449,0.0052
21023,0.0527,0.7595,0.1789,0.0005,0.0075
21024,0.3217,0.2217,0.3471,0.088,0.0188
21026,0.8099,0.0039,0.0961,0.0854,0.0013
21027,0.1054,0.2818,0.4942,0.1075,0.0096
22001,0.1593,0.1781,0.5275,0.1251,0.0084
22006,0.0699,0.4741,0.4185,0.0064,0.0278
22007,0.1907,0.2159,0.5255,0.0592,0.0052
22009,0.1651,0.1033,0.5593,0.1641,0.0065
23001,0.2078,0.0569,0.5376,0.1761,0.0102
23004,0.0763,0.0207,0.6724,0.2152,0.0084
23006,0.0535,0.0078,0.6297,0.3021,0.0034
23007,0.1508,0.1042,0.4195,0.2586,0.0437
23008,0.1954,0.0144,0.5898,0.1891,0.0055
23011,0.3123,0.0048,0.0856,0.5973,0.0
23016,0.0572,0.3382,0.1634,0.012,0.4114
24001,0.0843,0.1422,0.5333,0.1836,0.0413
24003,0.0377,0.0008,0.7204,0.2098,0.003
24004,0.2527,0.0271,0.3096,0.3985,0.0016
24005,0.1204,0.2581,0.5304,0.0172,0.0646
25001,0.0446,0.1298,0.4548,0.3384,0.0123
25003,0.0031,0.0,0.0789,0.9078,0.0
25006,0.0123,0.008,0.3405,0.6176,0.0044
25012,0.0019,0.0,0.7631,0.2303,0.0
25020,0.0525,0.5202,0.2897,0.0002,0.1278
25021,0.0512,0.5441,0.2689,0.0,0.1222
25029,0.1321,0.4136,0.3356,0.0621,0.0455
26003,0.0171,0.781,0.169,0.0,0.0155
26005,0.0183,0.7881,0.1631,0.0001,0.0103
26006,0.0147,0.7248,0.201,0.0,0.0149
26008,0.0582,0.5907,0.2804,0.0007,0.0296
26009,0.0396,0.6932,0.2309,0.0001,0.0139
27001,0.0856,0.1874,0.5009,0.1421,0.0662
27002,0.0853,0.0603,0.6178,0.1778,0.041
27003,0.1229,0.0937,0.4487,0.092,0.2196
27006,0.1566,0.0617,0.3564,0.1883,0.2023
27007,0.0778,0.1401,0.5595,0.1861,0.0233
27009,0.0702,0.3134,0.4392,0.1237,0.0386
27021,0.146,0.2343,0.2902,0.0565,0.2552
27023,0.1769,0.2793,0.3724,0.0006,0.1612
27025,0.1136,0.2946,0.3024,0.0047,0.2774
27026,0.1069,0.223,0.37,0.0095,0.287
27029,0.1265,0.0153,0.4612,0.2728,0.0838
27030,0.1577,0.3266,0.2803,0.0003,0.2229
27032,0.0019,0.0014,0.4362,0.5106,0.0017
27034,0.0548,0.0228,0.7059,0.1928,0.0112
27035,0.0618,0.0329,0.8085,0.0468,0.0385
27038,0.0335,0.5296,0.3313,0.0,0.099
27041,0.1543,0.4146,0.2676,0.1211,0.031
27042,0.1024,0.1327,0.3893,0.3243,0.0299
27043,0.0546,0.0109,0.6764,0.2271,0.0122
27047,0.1394,0.0,0.845,0.013,0.0
27049,0.1823,0.2098,0.3135,0.2555,0.0202
27051,0.0877,0.0728,0.8159,0.0,0.022
27062,0.0832,0.2151,0.4847,0.1341,0.0649
27064,0.0689,0.6718,0.1283,0.0001,0.1197
27065,0.1981,0.0416,0.5041,0.1298,0.104
27071,0.0636,0.3516,0.4132,0.1245,0.0339
27073,0.05,0.7059,0.1848,0.0065,0.0528
27077,0.0932,0.0313,0.2696,0.0068,0.5685
27079,0.1457,0.1056,0.4009,0.1314,0.188
27080,0.0992,0.0424,0.5427,0.0621,0.2383
27084,0.0639,0.0273,0.7625,0.0931,0.0438
27087,0.1868,0.4841,0.2333,0.0573,0.0342
27089,0.0904,0.0915,0.5909,0.1656,0.0444
27090,0.0548,0.0668,0.5405,0.3017,0.0195
28001,0.1433,0.0039,0.3329,0.4713,0.0032
28003,0.0481,0.032,0.135,0.001,0.7382
28008,0.0604,0.0765,0.8074,0.0146,0.0241
28009,0.0723,0.2726,0.4333,0.0154,0.19
28012,0.0778,0.2527,0.4848,0.0099,0.1648
28015,0.1683,0.4694,0.1682,0.0214,0.16
28018,0.0775,0.1154,0.7413,0.0124,0.0411
28022,0.0699,0.2986,0.4178,0.0142,0.1836
28023,0.0358,0.0202,0.8228,0.0208,0.0201
28024,0.0303,0.5145,0.3766,0.0,0.0738
28026,0.0756,0.4673,0.2894,0.0,0.1584
28031,0.0574,0.0593,0.822,0.0341,0.0169
28033,0.0035,0.0,0.9275,0.052,0.0
28039,0.0596,0.0395,0.1795,0.0,0.6972
28040,0.0507,0.0554,0.584,0.006,0.2997
28043,0.1129,0.0315,0.5523,0.2478,0.0265
28044,0.1435,0.6186,0.1556,0.0,0.08
28046,0.0432,0.0418,0.8753,0.0089,0.0128
28048,0.0513,0.2437,0.5214,0.0,0.1757
28050,0.1191,0.4689,0.1744,0.0042,0.2188
28052,0.0822,0.361,0.5036,0.0005,0.0503
28055,0.0692,0.208,0.6631,0.0,0.0573
28056,0.0673,0.3461,0.3736,0.0,0.1981
28060,0.1367,0.468,0.2412,0.0211,0.1265
28066,0.0755,0.0721,0.2176,0.0,0.6139
28067,0.091,0.1194,0.5907,0.0755,0.1007
28072,0.0387,0.6573,0.2016,0.0,0.0971
28074,0.0529,0.4199,0.3518,0.0,0.1649
28080,0.0861,0.1505,0.2074,0.0005,0.5235
28081,0.0289,0.0297,0.1259,0.0012,0.7666
28082,0.065,0.4916,0.3278,0.0,0.1077
28085,0.0974,0.1019,0.6192,0.0846,0.0731
28091,0.1193,0.5525,0.1591,0.0006,0.1579
28093,0.0513,0.422,0.3555,0.0,0.161
28115,0.0382,0.17,0.1535,0.0,0.6311
28116,0.1831,0.3883,0.1416,0.0202,0.2572
28117,0.1111,0.0527,0.6469,0.1189,0.0388
29002,0.066,0.8234,0.0988,0.0,0.0094
29003,0.0579,0.7897,0.0986,0.0,0.0531
29005,0.1199,0.4984,0.3291,0.0,0.0463
29009,0.0175,0.778,0.1828,0.0,0.0183
30001,0.0708,0.6046,0.2279,0.0008,0.0896
30004,0.0938,0.7277,0.1483,0.0,0.0285
30005,0.1064,0.605,0.2216,0.0019,0.0593
30011,0.0507,0.7665,0.1613,0.0001,0.0183
30012,0.0385,0.7018,0.2266,0.0,0.0309
30014,0.2274,0.5721,0.1316,0.0,0.0689
30015,0.0864,0.6302,0.2547,0.0,0.0256
3003,0.0852,0.0,0.2628,0.6306,0.0
31002,0.1345,0.6519,0.1652,0.0008,0.0445
31006,0.1034,0.4821,0.2676,0.0001,0.0707
31010,0.1395,0.5109,0.3168,0.0,0.0307
31021,0.0739,0.4589,0.4219,0.0,0.0412
31023,0.3257,0.6122,0.0416,0.0,0.0205
31025,0.0874,0.3587,0.4985,0.0,0.0548
32003,0.2098,0.5166,0.2251,0.0,0.0463
32004,0.0923,0.5129,0.2786,0.0004,0.1098
32006,0.0855,0.4933,0.3461,0.0,0.0696
32008,0.0773,0.5053,0.3202,0.0,0.0901
33006,0.1603,0.5338,0.2682,0.0,0.0366
33007,0.0888,0.7387,0.1387,0.0,0.0328
33012,0.0573,0.7458,0.1766,0.0,0.0203
33013,0.0837,0.7185,0.1427,0.0,0.0551
33014,0.1649,0.607,0.1455,0.0005,0.0793
33018,0.0919,0.4928,0.3717,0.0,0.0413
33019,0.1571,0.6239,0.1729,0.0,0.0454
33020,0.027,0.7701,0.1587,0.0,0.042
33021,0.0332,0.7198,0.1932,0.0,0.0472
33022,0.0832,0.5981,0.2016,0.0,0.1118
33023,0.0685,0.6634,0.2306,0.0,0.0357
33024,0.0891,0.6801,0.1571,0.0,0.0678
33026,0.0907,0.5619,0.2564,0.0001,0.0845
33028,0.1231,0.4998,0.2605,0.0,0.1114
33029,0.1253,0.6933,0.1402,0.0,0.0404
33031,0.1175,0.4611,0.2834,0.0,0.1249
33032,0.0861,0.6855,0.2155,0.0008,0.01
33033,0.0778,0.6342,0.1535,0.0,0.1336
33034,0.1533,0.6325,0.1633,0.0,0.0503
33035,0.1121,0.6459,0.1746,0.0014,0.0624
33039,0.101,0.5133,0.2966,0.0002,0.0823
33053,0.0672,0.764,0.112,0.0,0.0445
33054,0.1133,0.7073,0.1573,0.0008,0.0176
33058,0.0512,0.5581,0.2987,0.0,0.0876
34002,0.0687,0.7087,0.1852,0.0,0.0374
34003,0.1128,0.7496,0.1171,0.0,0.0194
34004,0.0898,0.7402,0.1359,0.0003,0.0306
34005,0.0865,0.6821,0.1665,0.0,0.0595
34006,0.0529,0.7754,0.1371,0.0,0.0345
34007,0.047,0.8019,0.1171,0.0,0.034
34008,0.087,0.6798,0.1304,0.0,0.1024
34010,0.0569,0.7312,0.1723,0.0,0.0394
34011,0.0701,0.7742,0.13,0.0005,0.0247
34012,0.0376,0.8352,0.1154,0.0,0.0099
35003,0.0687,0.7406,0.149,0.0015,0.0401
35008,0.0572,0.7743,0.1054,0.0,0.063
36003,0.0519,0.7498,0.1496,0.0,0.038
36006,0.0618,0.7577,0.13,0.0,0.0426
36009,0.0433,0.852,0.0831,0.0,0.0216
36010,0.0406,0.8696,0.0701,0.0,0.0178
36011,0.0592,0.6213,0.139,0.0,0.1732
36012,0.0802,0.7144,0.1736,0.0,0.0283
37001,0.0791,0.6172,0.1601,0.0019,0.1264
37003,0.0737,0.7544,0.1271,0.0,0.0364
37005,0.0747,0.7352,0.1377,0.0,0.0478
37008,0.0621,0.6898,0.1561,0.0,0.0759
37009,0.0392,0.6877,0.1406,0.0,0.1261
37010,0.0703,0.7469,0.1193,0.0,0.0565
37011,0.0841,0.7073,0.141,0.0,0.049
37018,0.1139,0.3609,0.2668,0.0021,0.2489
37019,0.0503,0.229,0.2511,0.0024,0.4431
37020,0.0691,0.7072,0.1506,0.0,0.0548
37031,0.1006,0.3108,0.2077,0.0,0.3779
37033,0.1052,0.0737,0.1316,0.0,0.6895
38001,0.1091,0.5502,0.1863,0.0,0.1483
38003,0.126,0.5647,0.1826,0.0,0.1263
38004,0.0771,0.7281,0.1592,0.0,0.035
38007,0.1038,0.2223,0.2224,0.0,0.4183
38012,0.093,0.2423,0.1967,0.0,0.465
38014,0.1342,0.1925,0.2408,0.001,0.4284
38017,0.1214,0.6923,0.1613,0.0,0.0249
38018,0.1232,0.3186,0.2097,0.0,0.3438
38021,0.2324,0.3232,0.2879,0.0005,0.1544
38026,0.0932,0.6497,0.1778,0.0,0.0686
38029,0.0573,0.7869,0.137,0.0,0.0184
38030,0.1085,0.595,0.1665,0.0,0.1288
39001,0.1609,0.3562,0.3217,0.0045,0.1404
39002,0.1078,0.4646,0.341,0.0,0.0721
39004,0.2456,0.1124,0.2603,0.0001,0.3808
39005,0.0856,0.009,0.1631,0.0,0.7417
39006,0.131,0.4588,0.3444,0.0,0.0487
39007,0.2254,0.1809,0.2538,0.0282,0.297
39008,0.108,0.4545,0.3516,0.0,0.0667
39010,0.1446,0.3615,0.2559,0.0001,0.2308
39011,0.2592,0.3116,0.2682,0.0164,0.1351
39012,0.1327,0.0757,0.2742,0.0001,0.5148
39014,0.0949,0.5129,0.1993,0.0,0.1874
39015,0.1212,0.4095,0.3023,0.0009,0.1499
39016,0.1495,0.4521,0.315,0.0012,0.0504
39017,0.1705,0.3743,0.4072,0.0,0.0456
39019,0.1026,0.5372,0.3027,0.001,0.024
39020,0.1621,0.4076,0.3975,0.0,0.0288
39021,0.0919,0.5033,0.3339,0.0,0.0642
39022,0.1471,0.3877,0.2859,0.0,0.1654
39023,0.1934,0.2358,0.3592,0.0002,0.2046
39025,0.2406,0.2896,0.3785,0.0018,0.0656
39027,0.175,0.4554,0.282,0.005,0.0444
39028,0.2489,0.4887,0.2188,0.0,0.0261
39029,0.4917,0.1773,0.2296,0.0011,0.098
39034,0.1416,0.4852,0.3143,0.0,0.0493
39035,0.1776,0.3538,0.3813,0.0,0.072
39036,0.5365,0.1482,0.24,0.0025,0.0729
39037,0.0678,0.5585,0.3189,0.0,0.0192
39042,0.0972,0.6419,0.227,0.0,0.0207
39049,0.1227,0.0593,0.1864,0.0008,0.6284
39052,0.2328,0.0596,0.2909,0.009,0.403
39054,0.2132,0.168,0.3252,0.0007,0.2819
39056,0.1663,0.1076,0.2239,0.0001,0.4967
39061,0.1137,0.275,0.5021,0.0,0.0304
39065,0.0869,0.3845,0.4885,0.0,0.0401
39069,0.2415,0.1478,0.3139,0.0012,0.2807
39072,0.1319,0.4054,0.3403,0.002,0.1038
39078,0.1475,0.4818,0.2884,0.0003,0.0729
39081,0.0759,0.5284,0.3217,0.0,0.0634
39087,0.0558,0.1845,0.4608,0.0,0.2848
39088,0.1791,0.3549,0.3346,0.0,0.1243
39095,0.1531,0.0135,0.163,0.0008,0.6695
39099,0.1061,0.5217,0.3377,0.0,0.0293
39101,0.1071,0.4731,0.3392,0.0,0.0264
39105,0.0974,0.3621,0.4542,0.0,0.0832
39108,0.2351,0.3264,0.3937,0.0,0.0351
39114,0.0723,0.5737,0.2764,0.009,0.0202
39120,0.1509,0.4816,0.3104,0.0004,0.0481
39125,0.0992,0.5572,0.2467,0.0,0.0886
39127,0.2291,0.4505,0.2327,0.0,0.0809
39141,0.3026,0.2555,0.2832,0.0182,0.1314
39142,0.1656,0.4496,0.3456,0.0,0.0282
39143,0.15,0.4007,0.402,0.0001,0.0358
39144,0.1138,0.5033,0.3243,0.0,0.0509
40003,0.2331,0.275,0.3658,0.0015,0.1098
40004,0.3394,0.133,0.462,0.0,0.0528
40005,0.1502,0.4052,0.3574,0.0003,0.0775
40006,0.261,0.3015,0.3151,0.0002,0.1131
40007,0.3514,0.1641,0.3212,0.0064,0.1418
40009,0.3338,0.1904,0.3702,0.0003,0.0746
40010,0.2193,0.2566,0.4051,0.0001,0.0988
40011,0.1529,0.4723,0.2833,0.0,0.0825
40012,0.2345,0.2836,0.3003,0.0003,0.1706
40013,0.2758,0.2232,0.2844,0.0001,0.2024
40016,0.1837,0.1786,0.2354,0.0007,0.3974
40017,0.3909,0.0779,0.4761,0.0,0.0495
40018,0.2693,0.2424,0.2943,0.0002,0.1815
4001,0.0987,0.0058,0.113,0.7419,0.0005
40020,0.3271,0.1124,0.3838,0.0,0.1657
40021,0.2515,0.2645,0.4066,0.0,0.0637
40022,0.1137,0.5307,0.2365,0.0,0.1133
40033,0.1466,0.392,0.377,0.0,0.0746
4003,0.1331,0.0104,0.137,0.6759,0.0018
4005,0.0569,0.0,0.0991,0.8299,0.0
4006,0.0228,0.0,0.1431,0.8027,0.0
41001,0.1691,0.1482,0.6389,0.0,0.0346
41003,0.1832,0.2015,0.5063,0.0,0.0834
41004,0.2689,0.2159,0.4037,0.0012,0.089
41005,0.322,0.2277,0.3336,0.0021,0.0935
41006,0.2523,0.146,0.4971,0.0,0.0917
41009,0.2543,0.3282,0.318,0.0076,0.0773
41011,0.2376,0.3386,0.3186,0.0093,0.082
41012,0.2058,0.2837,0.3529,0.0002,0.1468
41013,0.1614,0.2501,0.5454,0.0,0.0332
41014,0.3096,0.2613,0.3363,0.0002,0.0801
41016,0.1517,0.1595,0.5543,0.0,0.11
41019,0.2788,0.2482,0.335,0.0003,0.1272
41020,0.169,0.3343,0.425,0.0,0.059
41022,0.4144,0.2304,0.3058,0.0009,0.0414
41023,0.3107,0.3719,0.2692,0.0,0.0237
41025,0.4356,0.2082,0.2891,0.0005,0.0585
41027,0.2457,0.2838,0.311,0.0349,0.1153
41028,0.1598,0.363,0.4173,0.0,0.0551
41029,0.2371,0.1906,0.5034,0.0,0.0486
42001,0.157,0.4026,0.3001,0.0,0.113
42003,0.5609,0.0364,0.179,0.1665,0.0561
42004,0.1492,0.4622,0.308,0.0019,0.0437
42006,0.1176,0.4054,0.4103,0.0,0.0438
42008,0.1327,0.5035,0.2943,0.0,0.0329
42010,0.1042,0.4438,0.3609,0.0001,0.0723
42011,0.1289,0.359,0.4129,0.0,0.0755
42016,0.1171,0.4987,0.3235,0.0001,0.0379
42017,0.1874,0.042,0.3072,0.0,0.4569
42024,0.1347,0.5044,0.2899,0.0012,0.0338
42026,0.0593,0.4238,0.4392,0.0,0.0244
42027,0.103,0.5656,0.2812,0.0001,0.0335
43005,0.0911,0.334,0.4891,0.0,0.0331
43006,0.159,0.4871,0.2979,0.008,0.0317
43007,0.0924,0.4647,0.3599,0.0111,0.0464
43008,0.0935,0.3089,0.5051,0.0017,0.0269
43009,0.0739,0.4521,0.4268,0.0121,0.0265
43014,0.1129,0.5074,0.3147,0.0,0.0439
43017,0.1081,0.5486,0.2956,0.0,0.0273
43018,0.094,0.5519,0.2862,0.0032,0.0173
43021,0.129,0.3734,0.3978,0.0177,0.0406
44001,0.0938,0.4713,0.3732,0.013,0.036
44002,0.0882,0.5079,0.3366,0.0221,0.0186
44006,0.0703,0.5454,0.3382,0.01,0.0108
44009,0.0379,0.5265,0.3665,0.0,0.0482
44011,0.1333,0.2716,0.5525,0.0002,0.0351
45001,0.1497,0.1285,0.6671,0.0276,0.0237
45003,0.1028,0.29,0.5355,0.0031,0.0647
45004,0.0934,0.3095,0.5611,0.0006,0.034
45005,0.1287,0.3566,0.4252,0.0093,0.0706
45009,0.1599,0.0611,0.726,0.0321,0.0106
45012,0.119,0.3891,0.4474,0.001,0.042
46003,0.1726,0.0542,0.5588,0.182,0.0303
46005,0.0861,0.0,0.4286,0.48,0.0053
46008,0.1035,0.154,0.6156,0.0943,0.0301
46014,0.2529,0.1782,0.4605,0.0725,0.032
47001,0.1146,0.2162,0.6332,0.005,0.0258
47004,0.1417,0.1962,0.608,0.0198,0.0328
47005,0.0642,0.2688,0.6358,0.0002,0.0273
47008,0.1461,0.1531,0.6566,0.0002,0.0189
47009,0.0965,0.3484,0.5063,0.0,0.0468
47011,0.1522,0.0458,0.5961,0.1448,0.0252
47014,0.1169,0.0382,0.6727,0.1478,0.0192
47018,0.1427,0.168,0.667,0.0,0.0219
48003,0.1622,0.2151,0.4143,0.0018,0.0498
48004,0.1265,0.0737,0.751,0.0147,0.0276
48005,0.06,0.3967,0.467,0.0,0.0763
48011,0.1818,0.1071,0.6359,0.0213,0.0261
49001,0.1297,0.1496,0.6467,0.0196,0.0454
49002,0.0887,0.4027,0.4442,0.0033,0.0603
49004,0.0907,0.4062,0.448,0.0165,0.0279
50001,0.1292,0.2262,0.6015,0.0177,0.024
50002,0.1388,0.258,0.5535,0.0215,0.0245
50006,0.1222,0.1454,0.6949,0.0162,0.019
50007,0.104,0.2761,0.4769,0.1183,0.0246
50008,0.1539,0.2134,0.6144,0.0005,0.017
50011,0.1317,0.1044,0.5488,0.1728,0.0356
5003,0.103,0.0,0.1299,0.7256,0.0006
51001,0.1518,0.389,0.4029,0.0123,0.0435
52004,0.0722,0.4151,0.4381,0.0,0.069
52005,0.1009,0.3364,0.4945,0.0029,0.0588
52006,0.1016,0.4605,0.3564,0.0103,0.0598
52007,0.0905,0.3952,0.4537,0.0003,0.0563
52009,0.0752,0.2773,0.5359,0.0,0.1063
52010,0.0683,0.4166,0.4706,0.0033,0.0349
52011,0.0552,0.5531,0.2783,0.017,0.0784
52015,0.2141,0.2977,0.3711,0.0,0.0935
52016,0.4502,0.1657,0.336,0.0209,0.0232
53005,0.1294,0.305,0.457,0.0,0.105
53006,0.0511,0.2175,0.4822,0.0,0.2279
53007,0.1471,0.299,0.4722,0.0001,0.0677
53008,0.0794,0.443,0.4398,0.0,0.0348
53009,0.1098,0.3532,0.4044,0.0,0.1267
53013,0.1085,0.3495,0.4513,0.0,0.0802
53017,0.0876,0.2809,0.5679,0.0,0.0597
53018,0.1098,0.3439,0.4574,0.0,0.0782
53022,0.1124,0.3354,0.4597,0.0,0.082
53023,0.0766,0.4102,0.4738,0.0,0.0361
53028,0.1437,0.3535,0.4436,0.0,0.0492
54001,0.133,0.232,0.5459,0.0258,0.0491
54002,0.106,0.437,0.3409,0.0,0.1067
54003,0.1214,0.0008,0.3642,0.4475,0.0012
54004,0.1024,0.3406,0.2663,0.0,0.2754
54005,0.168,0.0619,0.6961,0.0492,0.0105
54007,0.1559,0.3349,0.3996,0.0,0.1023
54008,0.1143,0.2225,0.6064,0.0205,0.0195
54011,0.1189,0.3455,0.3951,0.0001,0.1287
54012,0.0724,0.427,0.4175,0.0041,0.07
54015,0.1093,0.3891,0.4426,0.0,0.0561
54016,0.0573,0.3937,0.4874,0.0115,0.0437
54017,0.1345,0.3711,0.447,0.0,0.0307
54018,0.0893,0.2123,0.5974,0.019,0.0672
54019,0.0789,0.4137,0.3911,0.0,0.1049
54020,0.0526,0.3919,0.5074,0.0023,0.0401
54022,0.544,0.0,0.2776,0.1416,0.0027
54024,0.1119,0.4948,0.2601,0.0,0.1118
54025,0.083,0.0021,0.8562,0.0331,0.0014
54027,0.1934,0.2458,0.4854,0.0,0.0713
54028,0.2009,0.0147,0.6643,0.1038,0.0026
54029,0.1199,0.2362,0.5856,0.0172,0.0251
54032,0.1305,0.2422,0.5255,0.02,0.0669
54034,0.4253,0.1851,0.3186,0.0,0.0574
54036,0.1469,0.3917,0.402,0.0004,0.0504
54038,0.153,0.0091,0.7321,0.0937,0.0034
54044,0.116,0.3007,0.5276,0.002,0.0527
54048,0.1287,0.5371,0.2799,0.0,0.0487
54049,0.0805,0.4741,0.3585,0.0,0.0745
54052,0.0298,0.4038,0.5274,0.0003,0.037
54057,0.1228,0.2983,0.476,0.0139,0.0759
54060,0.0536,0.5547,0.3673,0.0012,0.0213
54063,0.112,0.0814,0.1936,0.0004,0.59
54080,0.2018,0.0024,0.7039,0.0513,0.0066
54095,0.127,0.2104,0.5796,0.03,0.0402
54096,0.1257,0.508,0.2972,0.0,0.0541
55002,0.1274,0.0694,0.7053,0.0665,0.011
55007,0.1251,0.0107,0.7503,0.0836,0.0085
55008,0.0051,0.0,0.9517,0.0164,0.0038
55013,0.106,0.0562,0.7052,0.0946,0.011
55014,0.1159,0.0644,0.7321,0.06,0.004
55016,0.0883,0.0138,0.8029,0.0642,0.0094
55018,0.0789,0.364,0.4926,0.0007,0.0457
55021,0.1238,0.175,0.6324,0.0345,0.0153
55023,0.1294,0.1725,0.6112,0.0442,0.0227
55025,0.1177,0.0945,0.7227,0.0273,0.018
55026,0.139,0.0055,0.7361,0.0931,0.0065
55029,0.1415,0.1762,0.5603,0.076,0.0225
55032,0.03,0.0003,0.8457,0.0734,0.0037
56001,0.1303,0.0321,0.6529,0.145,0.0167
56002,0.1719,0.0343,0.4109,0.2145,0.136
56007,0.0392,0.0022,0.7926,0.1542,0.0011
56012,0.1737,0.009,0.4817,0.2873,0.0055
56013,0.0673,0.0076,0.7192,0.1921,0.0016
57004,0.219,0.0278,0.4815,0.1167,0.1241
57005,0.1897,0.024,0.5144,0.1238,0.1031
57006,0.2404,0.0346,0.4509,0.106,0.1041
57007,0.1382,0.0146,0.5547,0.159,0.0834
57008,0.1729,0.065,0.4989,0.096,0.1524
57009,0.2077,0.0783,0.5791,0.0026,0.1242
58001,0.2148,0.0428,0.5603,0.0456,0.1168
58002,0.2321,0.0308,0.5105,0.1383,0.0363
58006,0.0765,0.005,0.6456,0.2394,0.0027
58008,0.2658,0.0268,0.5374,0.0579,0.0618
58009,0.1455,0.0824,0.632,0.0001,0.1341
58010,0.0,0.0,0.6479,0.35,0.0
58012,0.4809,0.0128,0.3285,0.0816,0.0455
59001,0.1257,0.0197,0.6739,0.0977,0.0563
60002,0.2071,0.0168,0.7345,0.0266,0.0139
60003,0.0625,0.0808,0.8195,0.0157,0.0199
60005,0.3617,0.0327,0.5459,0.0303,0.0156
60006,0.188,0.0437,0.738,0.0078,0.0222
60010,0.2129,0.0222,0.7197,0.0253,0.0149
60012,0.0934,0.0026,0.8557,0.0318,0.0164
6007,0.1697,0.0122,0.1333,0.6158,0.0006
6008,0.2072,0.0046,0.1304,0.6385,0.0
61001,0.05,0.1316,0.7755,0.0099,0.0302
61002,0.0787,0.1007,0.7744,0.0127,0.0273
62001,0.12,0.0474,0.7883,0.018,0.0238
63001,0.1862,0.0161,0.7332,0.036,0.0251
63004,0.2239,0.0006,0.6068,0.0878,0.0701
64001,0.2935,0.0052,0.623,0.0578,0.0025
64002,0.2306,0.0042,0.6479,0.0804,0.001
64006,0.1023,0.0107,0.8344,0.0342,0.0065
65001,0.1813,0.0007,0.5848,0.1547,0.0033
65004,0.1365,0.0058,0.6917,0.0781,0.0182
65005,0.1463,0.0045,0.7702,0.0459,0.0043
65006,0.1016,0.0089,0.6477,0.1002,0.0272
65007,0.0377,0.0066,0.8293,0.0953,0.0046
65008,0.0105,0.0039,0.5738,0.2171,0.0169
66001,0.1909,0.0344,0.7302,0.0218,0.0134
66004,0.186,0.04,0.7266,0.015,0.0191
66006,0.0863,0.0089,0.819,0.0721,0.0025
66011,0.1701,0.0041,0.6522,0.1521,0.005
67001,0.1414,0.0018,0.6528,0.1585,0.0051
67005,0.1389,0.0036,0.6496,0.191,0.005
67006,0.1827,0.0027,0.6749,0.0935,0.0034
67008,0.16,0.0498,0.6649,0.0461,0.0636
67010,0.0,0.0,0.7295,0.2554,0.0
67015,0.1751,0.0123,0.6296,0.1487,0.01
67018,0.2453,0.0007,0.5728,0.1679,0.0033
67025,0.0719,0.1341,0.5034,0.1024,0.1808
67033,0.1358,0.0883,0.6282,0.0951,0.0364
68001,0.0502,0.2431,0.6344,0.0006,0.068
68003,0.0662,0.1609,0.628,0.0286,0.1095
68004,0.0446,0.2427,0.5261,0.0023,0.1818
68005,0.049,0.2541,0.6694,0.0001,0.0232
68020,0.0639,0.2917,0.5953,0.0001,0.0487
69002,0.1102,0.0285,0.5073,0.0659,0.2591
69007,0.1035,0.0158,0.4344,0.1869,0.2276
69012,0.1316,0.0278,0.599,0.0081,0.2201
69015,0.085,0.0087,0.3554,0.4465,0.0632
69017,0.1005,0.0148,0.6781,0.1273,0.0547
69023,0.0799,0.0337,0.4927,0.0906,0.2644
69027,0.1232,0.0105,0.3369,0.227,0.2511
69030,0.0867,0.3057,0.2355,0.0151,0.345
69032,0.0965,0.1599,0.2392,0.0108,0.4755
69043,0.1723,0.0277,0.2135,0.0,0.5659
70002,0.0892,0.1886,0.4148,0.0298,0.2578
7001,0.0755,0.0,0.1658,0.7432,0.0
7002,0.1258,0.0044,0.1495,0.707,0.0001
7003,0.4049,0.1002,0.2627,0.2224,0.0028
7005,0.1142,0.0028,0.1087,0.7564,0.0001
7006,0.565,0.0,0.1749,0.2576,0.0
71001,0.0934,0.0304,0.7087,0.0864,0.0682
71004,0.0902,0.028,0.6319,0.0717,0.1637
71006,0.0638,0.0288,0.8005,0.0606,0.0326
71008,0.1014,0.0226,0.6672,0.1857,0.0118
71014,0.1096,0.0444,0.5436,0.058,0.2307
72002,0.0736,0.106,0.617,0.1574,0.0391
72004,0.0548,0.0178,0.809,0.0839,0.0127
72005,0.0441,0.0112,0.8305,0.0816,0.009
72007,0.1192,0.0526,0.7403,0.0768,0.0071
72009,0.046,0.0188,0.7743,0.1029,0.0156
72014,0.0775,0.0463,0.7449,0.0849,0.0389
72015,0.0262,0.0133,0.8337,0.0968,0.0053
73005,0.0599,0.0561,0.8056,0.0381,0.0339
73009,0.0647,0.023,0.7981,0.103,0.001
73010,0.1957,0.0442,0.6275,0.0475,0.014
73011,0.0645,0.022,0.8816,0.0213,0.0081
73014,0.1044,0.0219,0.7937,0.0571,0.0065
73015,0.1252,0.0747,0.773,0.0,0.0237
74001,0.0855,0.0166,0.7256,0.1611,0.0047
74005,0.1015,0.0978,0.6629,0.0824,0.0247
74006,0.0568,0.0619,0.7125,0.1645,0.0032
74007,0.0594,0.0153,0.8586,0.0407,0.0066
75003,0.1205,0.0196,0.708,0.1043,0.0072
75004,0.0823,0.0176,0.7062,0.1518,0.002
75017,0.037,0.1126,0.8168,0.0149,0.0162
76003,0.0768,0.0322,0.7797,0.0556,0.0207
76005,0.0499,0.0541,0.8031,0.0615,0.0125
76007,0.0858,0.0853,0.7271,0.0647,0.0242
76008,0.1834,0.0699,0.5602,0.159,0.0244
76011,0.3665,0.1091,0.1575,0.3025,0.0644
76014,0.0188,0.0237,0.8413,0.0937,0.0105
77002,0.3583,0.0129,0.5213,0.1033,0.003
77003,0.2577,0.0373,0.5561,0.1354,0.0112
77004,0.1358,0.074,0.7367,0.0322,0.0183
78003,0.2462,0.0696,0.5877,0.0806,0.0119
78004,0.3006,0.0417,0.615,0.0306,0.0021
78006,0.3627,0.0355,0.384,0.2038,0.0117
79002,0.1388,0.0434,0.6765,0.1248,0.01
79003,0.1834,0.0001,0.5652,0.227,0.0083
79004,0.1596,0.0111,0.7487,0.0749,0.0035
79005,0.2122,0.0261,0.6832,0.0665,0.009
79006,0.1222,0.0256,0.6821,0.1543,0.0083
80001,0.2094,0.0492,0.688,0.0352,0.0114
80002,0.374,0.0062,0.5155,0.078,0.005
80003,0.1043,0.0,0.6701,0.2256,0.0
80004,0.3561,0.0,0.5126,0.1313,0.0
80005,0.0,0.0,0.534,0.466,0.0
80006,0.1641,0.0,0.5402,0.2321,0.0
8004,0.1174,0.0023,0.1692,0.7001,0.0009
8005,0.1397,0.0042,0.1016,0.7297,0.002
8006,0.1806,0.0129,0.1563,0.6326,0.0025
8009,0.1445,0.0056,0.1302,0.7153,0.0001
8011,0.1475,0.0006,0.2869,0.5472,0.0003
8013,0.1259,0.0,0.0347,0.8309,0.0
81002,0.4909,0.0033,0.3973,0.0905,0.0076
81003,0.158,0.0066,0.3378,0.4901,0.0038
81004,0.372,0.0105,0.437,0.1605,0.0082
81006,0.4097,0.0003,0.4642,0.1058,0.0032
81007,0.4408,0.0037,0.4224,0.1253,0.0056
82001,0.1969,0.0359,0.6546,0.0811,0.0143
82003,0.316,0.0115,0.5072,0.1544,0.0083
83003,0.0686,0.0205,0.5696,0.3191,0.0086
83004,0.1935,0.0376,0.5321,0.1903,0.0282
83006,0.1194,0.0894,0.5858,0.1721,0.0195
83007,0.0849,0.0466,0.8147,0.0398,0.013
83009,0.0818,0.0069,0.7186,0.1362,0.0455
83010,0.2352,0.0759,0.48,0.1805,0.023
83013,0.128,0.1626,0.5875,0.0779,0.0373
84001,0.1159,0.0331,0.5979,0.0812,0.1357
84004,0.0893,0.066,0.5776,0.2487,0.0093
84005,0.1288,0.0972,0.5573,0.1595,0.0434
84008,0.0836,0.0204,0.6092,0.1185,0.1461
84009,0.2276,0.0814,0.5132,0.1443,0.0234
84012,0.0928,0.0311,0.5669,0.0426,0.2379
84013,0.1242,0.092,0.5488,0.1531,0.0643
84014,0.179,0.1075,0.5259,0.1476,0.0315
84016,0.105,0.0616,0.5555,0.1038,0.1348
84017,0.0596,0.0078,0.6477,0.2046,0.0466
84018,0.0968,0.066,0.599,0.2147,0.0121
84019,0.0814,0.0659,0.434,0.0967,0.2609
84020,0.0885,0.0041,0.7191,0.1608,0.0197
84022,0.1004,0.0197,0.7344,0.1366,0.0019
84026,0.2781,0.0117,0.5018,0.1074,0.077
84030,0.1144,0.0669,0.6194,0.0521,0.1252
85001,0.1313,0.0036,0.4738,0.2772,0.0083
85002,0.1595,0.0096,0.5921,0.2234,0.0079
85003,0.0376,0.0,0.3966,0.5565,0.0
85004,0.0279,0.0,0.6745,0.2935,0.0001
88001,0.6898,0.0,0.0988,0.2229,0.0
89002,0.0726,0.0017,0.4905,0.3999,0.0037
89003,0.1049,0.0046,0.3963,0.4618,0.0017
89005,0.3455,0.0005,0.2619,0.3642,0.0007
89007,0.6051,0.0,0.1712,0.2056,0.0
90003,0.0779,0.0,0.2461,0.5495,0.0017
9002,0.2102,0.238,0.3469,0.1931,0.0069
9003,0.3077,0.1787,0.378,0.1078,0.0109
9004,0.2716,0.173,0.3453,0.2057,0.0042
9005,0.1006,0.0001,0.2158,0.6794,0.0
92001,0.1676,0.0,0.2854,0.463,0.0
93001,0.0701,0.0,0.1189,0.7807,0.0001
94001,0.0369,0.0,0.065,0.7718,0.0002
95001,0.0015,0.0,0.1922,0.7153,0.0
96001,0.1819,0.0001,0.0485,0.7606,0.0
96002,0.0658,0.0,0.2335,0.6674,0.0
96004,0.0127,0.0,0.2089,0.7659,0.0
97002,0.1146,0.0136,0.1462,0.6927,0.0009
